.hack Legend of the Twilight,"Hamazaki, Tatsuya","Izumi, Rei",Carlsen,abgeschlossen,3,3,de,Fantasy,https://s4.anilist.co/file/anilistcdn/media/manga/cover/medium/117.jpg,,
"2ZKB, Feder & Wecker","Osawa, Yayoi","Osawa, Yayoi",altraverse,abgeschlossen,8,2,de,Yuri,https://s4.anilist.co/file/anilistcdn/media/manga/cover/medium/87449-z6XnRWqixJ3a.jpg,,
31 I Dream,"Tanemura, Arina","Tanemura, Arina",Tokyopop,laufend,-,5,de,Shojo,https://www.tokyopop.de/manga/media/image/37/46/36/3974_0.jpg,,
A Certain Scientific Railgun,"Kamachi, Kazuma","Fuyukawa, Motoi",Seven Seas,laufend,-,1,eng,Action,https://s4.anilist.co/file/anilistcdn/media/manga/cover/large/nx37776-4DWOI7BlCEPq.jpg,,
A Silent Voice,"Ooima, Yoshitoki","Ooima, Yoshitoki",Egmont,abgeschlossen,7,7,de,Shojo,https://s4.anilist.co/file/anilistcdn/media/manga/cover/medium/55135.jpg,,
Accel World (Manga),"Kawahara, Reki","Aigamo, Hiroyuki",Tokyopop,laufend,-,1,de,Action,https://s4.anilist.co/file/anilistcdn/media/manga/cover/medium/22993.jpg,,
Accel World (Novel),"Kawahara, Reki",,Tokyopop,laufend,-,3,de,Action,https://s4.anilist.co/file/anilistcdn/media/manga/cover/medium/23116.jpg,,
Ace Attorney,"Kuroda, Kenji","Maekawa, Kazuo",Kodansha,abgeschlossen,5,5,eng,Mystery,https://s4.anilist.co/file/anilistcdn/media/manga/cover/medium/3750-TEXviWc98uar.jpg,,
Ace Attorney Investigations,"Kuroda, Kenji","Maekawa, Kazuo",Kodansha,abgeschlossen,4,2,eng,Mystery,https://s4.anilist.co/file/anilistcdn/media/manga/cover/medium/13469.jpg,,
After Hours,"Nishio, Yuuta","Nishio, Yuuta",Viz-Media,abgeschlossen,3,3,eng,Yuri,https://s4.anilist.co/file/anilistcdn/media/manga/cover/medium/86292-o0Mi3Zr3XoyC.png,,
After the Rain,"Mayuzuki, Jun","Mayuzuki, Jun",altraverse,abgeschlossen,10,7,de,Shojo,https://s4.anilist.co/file/anilistcdn/media/manga/cover/medium/86639-Q0KD86FOIOhw.jpg,"Akira Tachibana ist eine stille Schönheit, die einmal eine sehr erfolgreiche Läuferin im Leichtathletik-Team ihrer High-School war. Eine schwere Fußverletzung zwingt sie zum Aufhören, aber an einem Regentag findet Tachibana eine neue Leidenschaft. Sie fängt einen Teilzeitjob in einem Family Restaurant an, denn sie hat sich in den 45 Jahre alten Manager des Restaurants verliebt.
 Jun Mayuzuki erzählt mit ihrem wunderschönen Zeichenstil und einer sehr ruhigen Art eine Liebesgeschichte, welche nicht nur durch den Altersunterschied so besonders auf den Leser wirkt.",
Ai startet durch,"Yukimura, Moe","Yukimura, Moe",Tokyopop,abgeschlossen,1,1,de,Shojo,https://s4.anilist.co/file/anilistcdn/media/manga/cover/medium/55-Isfj5rPRlZLK.png,,
Aishiteruze Baby,"Maki, Youko","Maki, Youko",Tokyopop,abgeschlossen,7,1,de,Shojo,"https://images-na.ssl-images-amazon.com/images/I/51bwb8WLnjL._SX333_BO1,204,203,200_.jpg",,
Alice auf Zehenspitzen,"Yoshida, Mutsumi","Yoshida, Mutsumi",altraverse,abgeschlossen,3,3,de,Shojo,https://s4.anilist.co/file/anilistcdn/media/manga/cover/large/nx104268-LxZEgRGVcoKv.jpg,,
Angel Dust,"Nanase, Aoi","Nanase, Aoi",Panini,abgeschlossen,1,1,de,Fantasy,https://s4.anilist.co/file/anilistcdn/media/manga/cover/medium/88.jpg,,
Angel Dust Neo,"Nanase, Aoi","Nanase, Aoi",Panini,abgeschlossen,1,1,de,Fantasy,https://s4.anilist.co/file/anilistcdn/media/manga/cover/medium/295.jpg,,
Anonymous Noise,"Fukuyama, Ryoco","Fukuyama, Ryoco",Carlsen,abgeschlossen,18,11,de,Shojo,https://s4.anilist.co/file/anilistcdn/media/manga/cover/medium/50587-JhCYjf7TNLLK.jpg,,
Another,"Kiyohara, Hiro","Ayatsuji, Yukito",Egmont,abgeschlossen,4,4,de,Horror,https://s4.anilist.co/file/anilistcdn/media/manga/cover/medium/24098-A3IqwbzC4xP9.jpg,,
Ao no Exorcist,"Katou, Kazue","Katou, Kazue",Kaze,laufend,-,21,de,Action,https://s4.anilist.co/file/anilistcdn/media/manga/cover/large/nx43492-2mvXJnP6Feqq.png,,
Aqua,"Amano, Kozue","Amano, Kozue",Tokyopop,abgeschlossen,1,1,de,Slice of Life,https://s4.anilist.co/file/anilistcdn/media/manga/cover/medium/n30124-1ZSrKFS2ZeFq.jpg,,
Aria,"Amano, Kozue","Amano, Kozue",Tokyopop,abgeschlossen,6,6,de,Slice of Life,https://s4.anilist.co/file/anilistcdn/media/manga/cover/medium/81.jpg,,
Arisa,"Natsumi, Ando","Natsumi, Ando",Carlsen,abgeschlossen,12,12,de,Mystery,https://s4.anilist.co/file/anilistcdn/media/manga/cover/large/nx42309-tgzRif9CsMMf.jpg,,
Arslan Senki,"Tanaka, Yoshiki","Arakawa, Hiromu",Carlsen,laufend,-,9,de,Adventure,https://s4.anilist.co/file/anilistcdn/media/manga/cover/medium/51233-keiODvZndKBu.jpg,,
Atelier of Witch Hat,"Shirahama, Kamome","Shirahama, Kamome",Egmont,laufend,-,4,de,Fantasy,https://s4.anilist.co/file/anilistcdn/media/manga/cover/large/nx98263-4UAURoy58RVr.jpg,,
Atemlose Liebe,"Minami, Kanan","Minami, Kanan",Tokyopop,laufend,-,3,de,Shojo,https://s4.anilist.co/file/anilistcdn/media/manga/cover/medium/87336-z5vPeUnmIgKl.jpg,,
Attack on Titan,"Isayama, Hajime","Isayama, Hajime",Carlsen,laufend,-,26,de,Action,https://s4.anilist.co/file/anilistcdn/media/manga/cover/medium/23390-PEsWVu9n8lhb.png,,
Attack on Titan no Regrets,Konkichi,Hikaru Suruga,Carlsen,abgeschlossen,2,2,de,Action,https://s4.anilist.co/file/anilistcdn/media/manga/cover/medium/55199.jpg,,
Ayashi no Ceres,"Watase, Yuu","Watase, Yuu",Egmont,abgeschlossen,14,14,de,Shojo,https://s4.anilist.co/file/anilistcdn/media/manga/cover/medium/83-C3UNZ5ppvkP6.png,,
Azumanga Daioh,"Azuma, Kiyohiko","Azuma, Kiyohiko",Tokyopop,abgeschlossen,4,3,de,Comedy,https://s4.anilist.co/file/anilistcdn/media/manga/cover/medium/n30085-EiFHtQfdeHjp.jpg,,
Azumanga Daioh (English),"Azuma, Kiyohiko","Azuma, Kiyohiko",Tokyopop,abgeschlossen,4,4,eng,Comedy,https://s4.anilist.co/file/anilistcdn/media/manga/cover/medium/n30085-EiFHtQfdeHjp.jpg,,
Bakuman,"Ohba, Tsugumi","Obata, Takeshi",Tokyopop,abgeschlossen,20,20,de,Slice of Life,https://s4.anilist.co/file/anilistcdn/media/manga/cover/large/bx39711-tjPWXT1AW321.jpg,,
Bastard!!,"Hagiwara, Kazushi","Hagiwara, Kazushi",Carlsen,laufend,,2,de,Action,https://s4.anilist.co/file/anilistcdn/media/manga/cover/medium/611.jpg,,
Battle Angel Alita Mars Chronicle,"Kishiro, Yukito","Kishiro, Yukito",Carlsen,abgeschlossen,,2,de,Science Fiction,https://s4.anilist.co/file/anilistcdn/media/manga/cover/medium/768-CqOMBOoFl5pg.jpg,,
Battle Angel Alita Perfect Edition,"Kishiro, Yukito","Kishiro, Yukito",Carlsen,abgeschlossen,4,2,de,Science Fiction,https://s4.anilist.co/file/anilistcdn/media/manga/cover/medium/56597-LQQatNGVItG2.jpg,,
Beauty and the Beast Girl,Neji,Neji,Seven Seas,abgeschlossen,,1,eng,Yuri,https://s4.anilist.co/file/anilistcdn/media/manga/cover/medium/b107898-4HcGe2TKr57o.jpg,,
Beck,"Sakuishi, Harold","Sakuishi, Harold",Tokyopop,abgebrochen,17,11,de,Musik,https://s4.anilist.co/file/anilistcdn/media/manga/cover/medium/145-bJCc0qZ8lWFi.jpg,,
Begegnung mit Toki,"Gunchi, Kiri","Gunchi, Kiri",altraverse,abgeschlossen,3,3,de,Mystery,https://s4.anilist.co/file/anilistcdn/media/manga/cover/medium/99965-cxj9vyJ6NrvK.jpg,,
Bilder der Liebe,"Samamiya, Akaza","Samamiya, Akaza",Tokyopop,abgeschlossen,1,1,de,Shojo,https://s4.anilist.co/file/anilistcdn/media/manga/cover/medium/89953-Gz5tEqyZGoqW.jpg,,
Biomega,"Nihei, Tsutomu","Nihei, Tsutomu",Egmont,abgeschlossen,6,1,de,Science Fiction,https://s4.anilist.co/file/anilistcdn/media/manga/cover/medium/n31409-GES0ALfzL0UK.jpg,,
Biyaku Café,"Ukyou, Ayane","Ukyou, Ayane",Egmont,abgeschlossen,7,4,de,Shojo,https://s4.anilist.co/file/anilistcdn/media/manga/cover/medium/11522.jpg,,
Black Bullet (Novel),"Kanzaki, Shiden","Ukai, Saki",Tokyopop,laufend,,4,de,Action,https://s4.anilist.co/file/anilistcdn/media/manga/cover/medium/45597.jpg,,
Black Lagoon,"Hiroe, Rei","Hiroe, Rei",Carlsen,laufend,,1,de,Action,https://s4.anilist.co/file/anilistcdn/media/manga/cover/large/nx30735-P31qXacg4eOc.jpg,,
Bleach,"Kubo, Tite","Kubo, Tite",Tokyopop,abgeschlossen,74,5,de,Action,https://s4.anilist.co/file/anilistcdn/media/manga/cover/medium/12-UvTZ3kLjNVAV.png,,
Blood Lad,"Kodama, Yuuki","Kodama, Yuuki",Tokyopop,abgeschlossen,17,1,de,Comedy,https://s4.anilist.co/file/anilistcdn/media/manga/cover/large/nx51614-a97OJAACStsn.jpg,,
Blood-C,CLAMP,"Kotone, Ranmaru",Kazé,abgeschlossen,4,3,de,Action,https://s4.anilist.co/file/anilistcdn/media/manga/cover/large/nx56182-TWw4HKLv9Wem.jpg,,
Bloom into you,"Nakatani, Nio","Nakatani, Nio",Carlsen,abgeschlossen,8,4,de,Yuri,"https://images-na.ssl-images-amazon.com/images/I/517-8LtzHeL._SX345_BO1,204,203,200_.jpg",,
Bloom into you,"Nakatani, Nio","Nakatani, Nio",Seven Seas,abgeschlossen,8,6,eng,Yuri,https://s4.anilist.co/file/anilistcdn/media/manga/cover/large/nx86218-k8GHlUk2U1v6.jpg,,
Blue Flag,Kaito,Kaito,Carlsen,laufend,,3,de,Drama,https://s4.anilist.co/file/anilistcdn/media/manga/cover/large/nx98334-4GzZcjlCd0z5.jpg,,
Blue Spring Ride,"Sakisaka, Io","Sakisaka, Io",Tokyopop,abgeschlossen,13,13,de,Shojo,https://s4.anilist.co/file/anilistcdn/media/manga/cover/large/nx54294-Nabu5Ag0L2ay.jpg,,
Blütenträume,"Wormsbecher, Natalie","Wormsbecher, Natalie",Schwarzer Turm,abgeschlossen,1,1,de,Shojo,"https://images-na.ssl-images-amazon.com/images/I/61TGwZ1sI6L._SX328_BO1,204,203,200_.jpg",,
Boku no Hatsukoi o Kimi ni Sasagu,"Aoki, Kotomi","Aoki, Kotomi",Flower Comics,abgeschlossen,12,5,jp,Shojo,https://s4.anilist.co/file/anilistcdn/media/manga/cover/medium/4207-xfRM0pk4fV8g.png,,
Boku wa Imoto ni Koi o Suru,"Aoki, Kotomi","Aoki, Kotomi",Flower Comics,abgeschlossen,10,1,jp,Shojo,https://s4.anilist.co/file/anilistcdn/media/anime/cover/medium/819.jpg,,
Boruto,"Kodachi, Ukyou","Ikemoto, Mikio",Carlsen,laufend,,5,de,Action,https://s4.anilist.co/file/anilistcdn/media/manga/cover/medium/87178-9iLMAk6ZMvQV.png,,
Café Liebe,Miman,Miman,Tokyopop,laufend,,3,de,Yuri,https://www.tokyopop.de/manga/media/image/8b/85/bd/cafe-liebe-cover-01_250x374.jpg,,
Can You Hear Me?,Otsuichi,"Kiyohara, Kizu",Egmont,abgeschlossen,1,1,de,Drama,https://s4.anilist.co/file/anilistcdn/media/manga/cover/medium/11438.jpg,,
Card Captor Sakura,CLAMP,CLAMP,Egmont,abgeschlossen,12,12,de,Shojo,https://s4.anilist.co/file/anilistcdn/media/manga/cover/medium/106-eQ9g0cZNQ8ZZ.png,,
Card Captor Sakura Clear Card,CLAMP,CLAMP,Egmont,,,5,de,Shojo,https://s4.anilist.co/file/anilistcdn/media/manga/cover/large/nx87296-4HLEXxFNZyKg.jpg,,
Cause I Love You,CLAMP,CLAMP,Egmont,abgeschlossen,3,1,de,Shojo,https://s4.anilist.co/file/anilistcdn/media/manga/cover/medium/538.jpg,,
Cells at Work,,,,,,1,de,,,,
Charmin Junkie,"Fukuyama, Ryoco","Fukuyama, Ryoco",Carlsen,abgeschlossen,16,1,de,Shojo,https://s4.anilist.co/file/anilistcdn/media/manga/cover/medium/164.jpg,,
Cheeky Vampire,,,Carlsen,,,1,de,Comedy,https://s4.anilist.co/file/anilistcdn/media/manga/cover/large/nx30387-pd6AJLcrbOhK.jpg,,
Cherry Juice,,,Tokyopop,abgeschlossen,4,4,de,Shojo,https://s4.anilist.co/file/anilistcdn/media/manga/cover/medium/165.jpg,,
Chi’s Sweet Home,,,Carlsen,,,6,de,Slice of Life,https://s4.anilist.co/file/anilistcdn/media/manga/cover/medium/31397-xfs0JJPkErwT.jpg,,
Children of the Whales,"Umeda, Abi","Umeda, Abi",Carlsen,laufend,,7,de,Fantasy,https://s4.anilist.co/file/anilistcdn/media/manga/cover/medium/56742-u3KZ24I59LUp.jpg,,
Chivalry of a Failed Knight,"Misora, Riku","Soramichi, Megumu",Kazé,,,5,de,Action,https://s4.anilist.co/file/anilistcdn/media/manga/cover/large/nx85370-jf3QsOKMnpyq.jpg,,
Citrus,Saburouta,Saburouta,Tokyopop,abgeschlossen,10,10,de,Yuri,https://www.tokyopop.de/manga/media/image/39/03/4d/3917_0_250x374.jpg,,
Citrus Perfect Edition,Saburouta,Saburouta,YH Comics,abgeschlossen,10,1,jp,Yuri,,,
Close to Heaven,"Mikimoto, Rin","Mikimoto, Rin",Tokyopop,abgeschlossen,9,9,de,Shojo,https://s4.anilist.co/file/anilistcdn/media/manga/cover/large/nx65035-GDIsq4cG2fPF.jpg,,
Cocytus,,,Tokyopop,abgeschlossen,1,1,de,Yuri,https://s4.anilist.co/file/anilistcdn/media/manga/cover/medium/56434-G4zi7zcPil2C.jpg,,
Confidential Confessions,,,Tokyopop,,,1,de,Drama,https://s4.anilist.co/file/anilistcdn/media/manga/cover/medium/170.jpg,,
Corpse Party,,,Egmont,abgeschlossen,10,10,de,Horror,https://s4.anilist.co/file/anilistcdn/media/manga/cover/medium/b49094-QGuLHYTzL7Gj.jpg,,
Corpse Party Another Child,,,Egmont,abgeschlossen,3,3,de,Horror,https://s4.anilist.co/file/anilistcdn/media/manga/cover/medium/27963-sQeIWfYohLBR.jpg,,
Corpse Party: Book of Shadows,,,Egmont,abgeschlossen,3,3,de,Horror,https://s4.anilist.co/file/anilistcdn/media/manga/cover/medium/34571.jpg,,
Crash!,,,Tokyopop,,,6,de,Shojo,https://s4.anilist.co/file/anilistcdn/media/manga/cover/medium/6506.jpg,,
Cry out for Love,,,Egmont,abgeschlossen,1,1,de,Drama,,,
Daily Butterfly,"Morishita, Suu","Morishita, Suu",altraverse,abgeschlossen,11,7,de,Shojo,https://s4.anilist.co/file/anilistcdn/media/manga/cover/medium/35719.jpg,,
Dämonenjunge Lain,,,Tokyopop,abgeschlossen,1,1,de,Shojo,,,
Dance in the Vampire Bund,,,Tokyopop,abgeschlossen,7,7,de,,https://s4.anilist.co/file/anilistcdn/media/manga/cover/medium/7627.jpg,,
Dance in the Vampire Bund - Scarlet Order,,,Tokyopop,abgeschlossen,2,2,de,,https://s4.anilist.co/file/anilistcdn/media/manga/cover/medium/87537-OJ113McLhDgT.jpg,,
Danmachi,,,Kazé,,,10,de,Adventure,https://s4.anilist.co/file/anilistcdn/media/manga/cover/medium/85161-h9APMnYf63so.jpg,,
Das Herz einer Hexe,Matoba,Matoba,altraverse,,,5,de,,https://s4.anilist.co/file/anilistcdn/media/manga/cover/medium/35313.jpg,,
Daytime Shooting Star,"Yamamori, Mika","Yamamori, Mika",Kazé,abgeschlossen,12,12,de,Shojo,https://s4.anilist.co/file/anilistcdn/media/manga/cover/medium/27231.jpg,,
Dead Dead Demon s Dededededestruction,,,Tokyopop,laufend,,6,de,Slice of Life,https://s4.anilist.co/file/anilistcdn/media/manga/cover/medium/55316-lhdwwDOPSOF2.jpg,,
Deadman Wonderland,,,Tokyopop,,,2,de,Action,https://s4.anilist.co/file/anilistcdn/media/manga/cover/medium/3986-MVBs6TF7VMbA.jpg,,
Death Note,,,Tokyopop,abgeschlossen,13,13,de,Mystery,https://s4.anilist.co/file/anilistcdn/media/manga/cover/large/nx30021-qfGufBWpSX1z.jpg,,
Deep Kiss,,,Tokyopop,abgeschlossen,1,1,de,Shojo,https://s4.anilist.co/file/anilistcdn/media/manga/cover/medium/601.jpg,,
Demi-chan,Petos,Petos,altraverse,laufend,,6,de,Slice of Life,https://s4.anilist.co/file/anilistcdn/media/manga/cover/medium/86898-nwUpuchXnfMK.jpg,,
Demon Chic x Hack,"Tanemura, Arina",,Tokyopop,abgeschlossen,2,2,de,Shojo,https://s4.anilist.co/file/anilistcdn/media/manga/cover/medium/57006-tzFWyVsIllTK.jpg,,
Der Zauber einer mir unbekannten Welt,,,Tokyopop,abgeschlossen,2,2,de,Yuri,,,
Desire ©Max,,,Egmont,abgeschlossen,7,7,de,Shojo,https://s4.anilist.co/file/anilistcdn/media/manga/cover/medium/1339-CmbXypEN18LT.png,,
"Detective Conan 1-3, 26",,,Egmont,laufend,,4,de,Mystery,https://s4.anilist.co/file/anilistcdn/media/manga/cover/medium/1061.jpg,,
Devil of the Victory,,,Tokyopop,abgeschlossen,3,3,de,Shojo,,,
Di Gi Charat,,,Egmont,abgeschlossen,,1,de,Comedy,https://s4.anilist.co/file/anilistcdn/media/manga/cover/large/nx97493-9RnisuzFeEKB.jpg,,
Die Abenteuer des Tom Sawyer,,,Tokyopop,abgeschlossen,1,1,de,Comedy,https://s4.anilist.co/file/anilistcdn/media/manga/cover/medium/34-nXRwmeO6lOhR.jpg,,
Die kleine Prinzessin Sara,,,Tokyopop,abgeschlossen,1,1,de,,,,
Die mit dem Teufel tanzt,"Azuma, Sawayoshi","Azuma, Sawayoshi",altraverse,laufend,,2,de,Slice of Life,https://s4.anilist.co/file/anilistcdn/media/manga/cover/large/nx97493-9RnisuzFeEKB.jpg,,
Die rothaarige Schneeprinzessin,,,Tokyopop,,,12,de,Shojo,https://s4.anilist.co/file/anilistcdn/media/manga/cover/large/bx34571-uRvqh90mPuGS.jpg,,
Die Stadt in der es mich nicht gibt,,,Tokyopop,,,1,de,Mystery,https://s4.anilist.co/file/anilistcdn/media/manga/cover/large/nx69325-BnPJNGcZTiMy.jpg,,
Die Tanuki-Prinzessin,,,Kazé,,,8,de,Comedy,https://s4.anilist.co/file/anilistcdn/media/manga/cover/medium/55418.jpg,,
Doremi,,,Carlsen,abgeschlossen,3,3,de,Shojo,https://s4.anilist.co/file/anilistcdn/media/manga/cover/medium/4175.jpg,,
Dragonball Sammelband,,,Carlsen,,,6,de,Action,,,
Dragonball Z Anime Comic,,,Carlsen,,,1,de,Action,,,
Dreamin' Sun,"Takano, Ichigo","Takano, Ichigo",Tokyopop,abgeschlossen,10,7,de,Shojo,https://s4.anilist.co/file/anilistcdn/media/manga/cover/medium/9607-2sBmiEptWlvG.png,,
Du erwachst im Frühling,"Shima, Asato","Shima, Asato",altraverse,,,3,de,Shojo,https://s4.anilist.co/file/anilistcdn/media/manga/cover/large/nx100064-nmtrBjA7OEIy.jpg,,
Dusk Maiden of Amnesia,,,Kazé,abgeschlossen,10,6,de,Horror,https://s4.anilist.co/file/anilistcdn/media/manga/cover/medium/15805-coKliG2naK9N.jpg,,
Éclair,,,altraverse,laufend,,3,de,Yuri,https://s4.anilist.co/file/anilistcdn/media/manga/cover/large/nx102070-xMDCYzD1QOB7.jpg,,
Éclair,,,Yen Press,,,1,eng,Yuri,,,
Ein Freund zum Verlieben,"Kawahara, Kazune","Kawahara, Kazune",Kazé,laufend,,2,de,Shojo,https://s4.anilist.co/file/anilistcdn/media/manga/cover/large/nx86686-pvFz09LS0JOy.jpg,,
Ein tropischer Fisch sehnt sich nach Schnee,"Hagino, Makoto","Hagino, Makoto",altraverse,laufend,2,1,de,Yuri,https://s4.anilist.co/file/anilistcdn/media/manga/cover/large/nx100187-RSku0wTdV2QM.jpg,,
Eine fröhliche Familie,,,Tokyopop,abgeschlossen,1,1,de,Klassiker,,,
Elfenlied,"Okamoto, Lynn","Okamoto, Lynn",Tokyopop,abgeschlossen,6,1,de,Drama,https://s4.anilist.co/file/anilistcdn/media/manga/cover/medium/933-KbrldlVsrfxl.jpg,,
Erdbeeren und Marshmallows,,,Tokyopop,,,1,de,Slice of Life,https://s4.anilist.co/file/anilistcdn/media/manga/cover/medium/371-08AXSgmvwNGH.jpg,,
Eve and Eve,"Nagashiro, Rouge","Nagashiro, Rouge",,,,1,eng,Yuri,https://s4.anilist.co/file/anilistcdn/media/manga/cover/large/nx101383-sOVsgDelqXuP.png,,
Everyone's Getting Married,"Miyazono, Izumi","Miyazono, Izumi",Viz Media,abgeschlossen,9,9,eng,Shojo,https://s4.anilist.co/file/anilistcdn/media/manga/cover/medium/56002-dWOlK76XVMat.png,,
Fairy Tail,,,Carlsen,,,3,de,Fantasy,https://s4.anilist.co/file/anilistcdn/media/manga/cover/medium/598-4gzaRQ0wHT67.jpg,,
Faster Than a Kiss,,,Tokyopop,,,4,de,Shojo,https://s4.anilist.co/file/anilistcdn/media/manga/cover/medium/3872.jpg,,
Fate/Stay Night,"Nasu, Kinoku","Nishiwaki, Datto",Tokyopop,abgeschlossen,10,7,de,Action,https://www.tokyopop.de/manga/media/image/53/27/36/fate-stay-night-cover-01.jpg,,
Fesseln der Liebe,Shiraishi. Yuki,Shiraishi. Yuki,Tokyopop,abgeschlossen,4,3,de,Shojo,https://s4.anilist.co/file/anilistcdn/media/manga/cover/medium/55309-w5eYjOYTOEC9.png,,
Fire Force,"Ookubo, Atsushi","Ookubo, Atsushi",Tokyopop,laufend,,7,de,Action,https://s4.anilist.co/file/anilistcdn/media/manga/cover/large/nx86310-OraykJ8bRNTr.jpg,,
FoodWars,,,Carlsen,laufend,,21,de,Sports,https://s4.anilist.co/file/anilistcdn/media/manga/cover/medium/45757-Sw2eGiajIxyo.jpg,,
Frühling Sommer Herbst und Winter,,,Egmont,abgeschlossen,1,1,de,Yuri,,,
Fullmetal Alchemist,"Arakawa, Hiromu","Arakawa, Hiromu",Panini,abgeschlossen,27,19,de,Adventure,https://s4.anilist.co/file/anilistcdn/media/manga/cover/medium/25-imy9GeynfS89.jpg,,
Fullmetal Alchemist,"Arakawa, Hiromu","Arakawa, Hiromu",,abgeschlossen,27,4,jp,Adventure,https://s4.anilist.co/file/anilistcdn/media/manga/cover/medium/25-imy9GeynfS89.jpg,,
Fullmetal Alchemist - Novel,"Inoue, Makoto","Arakawa, Hiromu",Viz Media,abgeschlossen,7,1,eng,Adventure,https://s4.anilist.co/file/anilistcdn/media/manga/cover/medium/4658.jpg,,
Fullmetal Alchemist Perfect Edition,"Arakawa, Hiromu","Arakawa, Hiromu",Viz Media,,,1,eng,Adventure,,,
Fullmoon wo Sagashite,"Tanemura, Arina","Tanemura, Arina",Egmont,abgeschlossen,7,7,de,Shojo,https://s4.anilist.co/file/anilistcdn/media/manga/cover/medium/8-3Z2gmgoKhN6L.png,,
Futaribeya,Yukiko,Yukiko,Tokyopop,laufend,,4,eng,Yuri,https://s4.anilist.co/file/anilistcdn/media/manga/cover/medium/56244-V8y4MLfSM3Gy.jpg,,
Gakuen Polizi,,,Seven Seas,abgeschlossen,2,2,eng,Yuri,,,
Gals!,"Fujii, Mihona","Fujii, Mihona",Egmont,abgeschlossen,10,10,de,Shojo,https://s4.anilist.co/file/anilistcdn/media/manga/cover/large/bx30089-GhAXx8Re8nRm.jpg,,
Gamers!,"Aoi, Sekina","Takahshi, Tsubasa",altraverse,laufend,-,3,de,Comedy,https://s4.anilist.co/file/anilistcdn/media/manga/cover/large/nx98786-rDK3Py0g8vSV.jpg,,
Geliebte Mangaka,"Kodama, Naoko","Kodama, Naoko",Tokyopop,abgeschlossen,1,1,de,Yuri,https://s4.anilist.co/file/anilistcdn/media/manga/cover/medium/29513.jpg,,
Ghost in the Shell,,,Panini,,,1,de,,,,
Gib mir Liebe,"Minami, Kanan","Minami, Kanan",Tokyopop,abgeschlossen,8,8,de,Shojo,https://s4.anilist.co/file/anilistcdn/media/manga/cover/medium/828.jpg,,
Girl Friends Complete Collection,,,Seven Seas,abgeschlossen,2,2,eng,Yuri,,,
Girls love: Shojo bigaku,,,Egmont,abgeschlossen,1,1,eng,Yuri,,,
Girls und Panzer,"Saitaniya, Ryouichi","Saitaniya, Ryouichi",Egmont,abgeschlossen,4,4,de,Comedy,https://s4.anilist.co/file/anilistcdn/media/manga/cover/medium/42223.jpg,,
Girls und Panzer little Army,Tsuchii,Tsuchii,Egmont,abgeschlossen,2,2,de,Comedy,https://s4.anilist.co/file/anilistcdn/media/manga/cover/medium/42209.jpg,,
Go! Virginal,,,Egmont,abgeschlossen,2,2,de,Shojo,,,
Goblin Slayer,"Kagyu, Kumo","Korose, Kousuke",altraverse,laufend,-,6,de,Action,https://s4.anilist.co/file/anilistcdn/media/manga/cover/medium/57321-dFsbpC0uTJDK.jpg,,
Goblin Slayer: Brand New Day,"Kagyu, Kumo","Ikeno, Masahiro",altraverse,abgeschlossen,2,1,de,Action,https://s4.anilist.co/file/anilistcdn/media/manga/cover/medium/n101863-mGwXBsNP4Q5u.png,,
Goblin Slayer Year One,"Kagyu, Kumo","Sakaeda, Kento",altraverse,laufend,,1,de,Action,https://s4.anilist.co/file/anilistcdn/media/manga/cover/large/nx100117-HWPGhRu19f3g.jpg,,
Golden Tales,,,Egmont,abgeschlossen,1,1,de,Fantasy,,,
Goth,,,Egmont,abgeschlossen,1,1,de,Horror,,,
Grimms Manga,"Ishiyama, Kei","Ishiyama, Kei",Tokyopop,abgeschlossen,2,2,de,Fantasy,https://s4.anilist.co/file/anilistcdn/media/manga/cover/medium/7763-3vrIzHVl2f4l.jpg,,
Gunslinger Girl,"Aida, Yu","Aida, Yu",Egmont,abgeschlossen,15,15,de,Drama,https://s4.anilist.co/file/anilistcdn/media/manga/cover/large/nx30649-6gV5xzVwv2YA.jpg,,
Gute Nacht Punpun,"Asano, Inio","Asano, Inio",Tokyopop,abgeschlossen,13,13,de,Drama,https://s4.anilist.co/file/anilistcdn/media/manga/cover/large/nx34632-14deknANZitb.png,,
"Guten Morgen, Dornröschen",,,Egmont,,,3,de,Mystery,,,
Haikyu!!,"Furudate, Haruichi","Furudate, Haruichi",Kazé,laufend,,13,de,Sports,https://s4.anilist.co/file/anilistcdn/media/manga/cover/medium/35243.jpg,,
Hana & Hina After School,,,Seven Seas,abgeschlossen,3,3,eng,Yuri,,,
Happy Marriage?,,,Tokyopop,abgeschlossen,5,5,de,Shojo,,,
Haus der Sonne,Taamo,Taamo,Tokyopop,abgeschlossen,13,13,de,Shojo,https://www.tokyopop.de/manga/media/image/41/42/e8/haus-der-sonne-cover-01.jpg,,
Hausarrest ab 19:00!,,,Tokyopop,abgeschlossen,2,2,de,Shojo,,,
Hetalia Axis Powers,,,Tokyopop,,,1,de,Comedy,,,
Highschool Girls,,,Egmont,abgeschlossen,2,2,de,Yuri,,,
Highschool of the Dead,,,Carlsen,,,1,de,Action,,,
Hikaru no Go,,,Carlsen,abgeschlossen,23,23,de,Sports,,,
Himouto! Umaru-chan,,,,abgeschlossen,12,12,jp,Slice of Life,,,
Himouto! Umaru-chan S,,,,laufend,,1,jp,Slice of Life,,,
Hina & Gen,,,Tokyopop,,2,1,de,Shojo,,,
Hinamatsuri,"Ohtake, Masao","Ohtake, Masao",One Peace Books,laufend,,4,eng,Comedy,https://s4.anilist.co/file/anilistcdn/media/manga/cover/medium/36413.jpg,,
Hitotsubana,,,Carlsen,,,1,de,Drama,,,
Hiyokoi,,,Tokyopop,abgeschlossen,14,14,de,Shojo,,,
Honey x Honey Drops,,,Tokyopop,abgeschlossen,4,4,de,Shojo,,,
Horimiya,,,Tokyopop,,,11,de,Slice of Life,,,
Ich will dich weinen sehen,"Fumio, Aya","Fumio, Aya",altraverse,laufend,-,3,de,Yuri,https://s4.anilist.co/file/anilistcdn/media/manga/cover/medium/99114-tKtQ6961HtTp.jpg,,
"Ich wünschte, ich könnte fliegen",,,Tokyopop,abgeschlossen,3,3,de,Shojo,,,
In/Spectre,"Shirodaira, Kyou","Takase, Chashiba",Tokyopop,laufend,,6,de,Mystery,https://s4.anilist.co/file/anilistcdn/media/manga/cover/medium/86199-WYJVbu3Gi2Pl.jpg,,
Independent,,,Egmont,,,2,de,Shojo,,,
ION,,,Egmont,abgeschlossen,1,1,de,Shojo,,,
Jojo Part 1,,,Viz-Media,abgeschlossen,3,3,eng,Adventure,,,
Jojo Part 2,,,Viz-Media,abgeschlossen,4,4,eng,Adventure,,,
Jojo Part 3,,,Viz-Media,abgeschlossen,10,10,eng,Adventure,,,
Kaguya-sama,,,Viz-Media,laufend,-,9,eng,,,,
Kaikan Phrase,,,Egmont,,,2,de,Shojo,,,
Kakegurui,"Kawamoto, Homura","Naomura, Toru",Altraverse,laufend,-,7,de,Mystery,https://s4.anilist.co/file/anilistcdn/media/manga/cover/medium/55793-kP53HC3Wkr9x.jpg,,
Kamikaze Kaito Jeanne,,,Egmont,abgeschlossen,7,7,de,Shojo,,,
Kamikaze Kaito Jeanne Pefect Edition,,,,,,3,jap,Shojo,,,
Kare First Love,,,Egmont,,,7,de,Shojo,,,
Kase-san,,,Seven Seas,,,5,eng,Yuri,,,
Kashimashi,,,Seven Seas,abgeschlossen,5,5,eng,Yuri,,,
Kein Dad wie jeder andere,,,altraverse,,,4,de,Shojo,,,
Keine Cheats für die Liebe,Fujita,Fujita,altraverse,laufend,-,6,de,Slice of Life,https://s4.anilist.co/file/anilistcdn/media/manga/cover/medium/56717-59h5FtcIm2UU.jpg,,
Kemono Friends,,,Tokyopop,,,2,de,,,,
Kimi ni Todoke,,,Tokyopop,,,4,de,Shojo,,,
Kindred Spirits on the Roof: Complete,,,Seven Seas,abgeschlossen,1,1,eng,Yuri,,,
Kingdom Hearts,,,Egmont,abgeschlossen,4,4,de,Fantasy,,,
Kiss and Regret,,,Egmont,abgeschlossen,1,1,de,Shojo,,,
Kiss and White Lily for My Dearest Girl,,,Yen Press,laufend,,9,eng,Yuri,,,
"Kisses, Sighs, and Cherry Blossom Pink",,,Seven Seas,abgeschlossen,1,1,eng,Yuri,,,
Kitchen Princess Omnibus,,,Kodansha,abgeschlossen,4,4,eng,Shojo,,,
Kobayashi-san chi no Maid Dragon,,,Seven Seas,,,7,eng,Slice of Life,,,
Kobayashi-san chi no Maid Dragon: Kanna's Daily Life,,,Seven Seas,,,1,eng,Slice of Life,,,
Koko Debut,,,Egmont,,,15,de,Shojo,,,
Komi can't communicate,,,,,,1,eng,Comedy,,,
"Komi-san wa, Comyushou desu.","Oda, Tomohito","Oda, Tomohito",Shounen Sunday,laufend,-,1,jp,Comedy,,,
K-ON!,,,Carlsen,abgeschlossen,,4,de,Slice of Life,,,
K-ON! College,,,Carlsen,,,1,de,Slice of Life,,,
K-ON! College,,,KR,,,1,jp,Slice of Life,,,
K-ON! Highschool,,,Carlsen,,,1,de,Slice of Life,,,
Konditorin Kosaki,,,Kazé,abgeschlossen,4,2,de,Comedy,,,
Kuro,,,Tokyopop,,,2,de,Mystery,,,
Kuss um Mitternacht,"Mikimoto, Rin","Mikimoto, Rin",Tokyopop,laufend,,8,de,Shojo,https://www.tokyopop.de/manga/media/image/f7/c3/8c/kuss-um-mitternacht-cover-01.jpg,,
Lady Snowblood,,,Carlsen,,,2,de,Action,,,
Last Exit Love,"Sakai, Mayu","Sakai, Mayu",Tokyopop,,,5,de,Shojo,https://www.tokyopop.de/manga/media/image/f1/9d/3b/last-exit-love-cover-01.jpg,,
Liebeslügen,"Aoki, Kotomi","Aoki, Kotomi",Egmont,abgeschlossen,22,15,de,Shojo,https://s4.anilist.co/file/anilistcdn/media/manga/cover/large/nx42418-m3rgVHCjxmeo.jpg,,
Lion and Bride,"Sakurano, Mika","Sakurano, Mika",Tokyopop,abgeschlossen,3,1,de,Shojo,https://s4.anilist.co/file/anilistcdn/media/manga/cover/medium/57266-6pqrtqubko4p.jpg,,
Live Trees Guardian,,,Tokyopop,abgeschlossen,5,5,de,Shojo,,,
Living with Matsunaga,,,Egmont,,,3,de,Shojo,,,
Love & Lies,"Musawo, Tsumugi","Musawo, Tsumugi",Kazé,laufend,,5,de,Shojo,https://s4.anilist.co/file/anilistcdn/media/manga/cover/medium/55566-FaAnb6mdjxOY.jpg,,
Love Beast,,,Tokyopop,abgeschlossen,3,3,de,Shojo,,,
Love Cotton,,,Tokyopop,abgeschlossen,6,6,de,Shojo,,,
Lovecrafts der Hund und andere Geschichten,,,Carlsen,,,1,de,Mystery,,,
Love Hina,,,Egmont,abgeschlossen,14,14,de,Comedy,,,
Love Live,"Kimino, Sakurako","Tokita, Arumi",Egmont,laufend,,5,de,Slice of Life,https://s4.anilist.co/file/anilistcdn/media/manga/cover/medium/48251.jpg,,
Love Live! Diary,,,Egmont,laufend,,4,de,Slice of Life,https://s4.anilist.co/file/anilistcdn/media/manga/cover/medium/92855-hbsvFHvtWX0i.jpg,,
Lovely Notes,"Ayase, Umi","Ayase, Umi",Tokyopop,abgeschlossen,2,2,de,Shojo,https://www.tokyopop.de/manga/media/image/8f/a4/cb/lovely-notes-cover-01_250x374.jpg,,
Lucky Star,,,Bandai,,,6,eng,Slice of Life,,,
Made in Abyss,"Tsukushi, Akihito","Tsukushi, Akihito",altraverse,laufend,-,7,de,Adventure,https://s4.anilist.co/file/anilistcdn/media/manga/cover/medium/56551-XKPbYyHLBtzD.jpg,,
Madoka Magica,,,Carlsen,abgeschlossen,3,3,de,,,,
Magi,"Ohtaka, Shinobu","Ohtaka, Shinobu",Kazé,abgeschlossen,37,37,de,Fantasy,https://s4.anilist.co/file/anilistcdn/media/manga/cover/medium/14790-Gep4QAni2F9Z.jpg,,
Magic Knight Rayearth,,,Carlsen,abgeschlossen,6,6,de,Isekai,,,
Magic Shoe Shop,,,Tokyopop,abgeschlossen,1,1,de,Shojo,,,
Magister Negi Magi,,,Egmont,abgeschlossen,38,38,de,Fantasy,,,
Magister Negi Magi Neo,,,Egmont,,,1,de,Fantasy,,,
Maid Sama,,,Carlsen,,,1,de,Shojo,,,
Maiden Spirit Zakuro,"Hoshino, Lily","Hoshino, Lily",Tokyopop,laufend,,6,de,Shojo,https://s4.anilist.co/file/anilistcdn/media/manga/cover/medium/9084.jpg,,
Manga Love Story for Ladies,,,Carlsen,abgeschlossen,2,2,de,,,,
Manga Love Stoy,"Katsu, Aki","Katsu, Aki",Carlsen,laufend,,72,de,Comedy,https://s4.anilist.co/file/anilistcdn/media/manga/cover/medium/318.jpg,,
Mashima-En,,,Carlsen,abgeschlossen,1,1,de,Fantasy,,,
Meine lesbische Erfahrung mit Einsamkeit,,,Carlsen,,,1,de,,,,
Meine unerwiederte Liebe,,,altraverse,,,1,de,Yuri,,,
Mein Prinz vom anderen Stern,,,Tokyopop,,,1,de,Shojo,,,
Merry Bad End,"Sakai, Mayu","Sakai, Mayu",Tokyopop,abgeschlossen,1,1,de,Shojo,https://s4.anilist.co/file/anilistcdn/media/manga/cover/large/nx85923-TbnTRvfLKIQM.jpg,,
Merupuri,,,Egmont,,,2,de,Shojo,https://s4.anilist.co/file/anilistcdn/media/manga/cover/medium/665-EtaqsLwos8eV.png,,
Milk Crown,"Mizuto, Aqua","Mizuto, Aqua",Egmont,abgeschlossen,2,2,de,Shojo,https://s4.anilist.co/file/anilistcdn/media/manga/cover/medium/1310.jpg,,
Milk Crown H,"Mizuto, Aqua","Mizuto, Aqua",Egmont,abgeschlossen,5,5,de,Shojo,https://s4.anilist.co/file/anilistcdn/media/manga/cover/medium/1311.jpg,,
Miracles of Love,"Sakisaka, Io","Sakisaka, Io",Tokyopop,,,9,de,Shojo,https://www.tokyopop.de/manga/media/image/87/a8/93/miracles-of-love-cover-01581c6113f21d6.jpg,,
Mistress Fortune,"Tanemura, Arina","Tanemura, Arina",Tokyopop,abgeschlossen,1,1,de,Shojo,https://s4.anilist.co/file/anilistcdn/media/manga/cover/medium/7462.jpg,,
Miyako,"Kumagai, Kyoko","Kumagai, Kyoko",Tokyopop,abgeschlossen,10,10,de,Shojo,https://s4.anilist.co/file/anilistcdn/media/manga/cover/medium/55354-5ikrSNJPq7Zv.jpg,,
Miyuki-chan im Wunderland,Clamp,Clamp,Egmont,abgeschlossen,1,1,de,Fantasy,https://s4.anilist.co/file/anilistcdn/media/manga/cover/large/bx30452-ev2zqWaQf7Nr.jpg,,
Momo,"Sakai, Mayu","Sakai, Mayu",Tokyopop,abgeschlossen,7,7,de,Shojo,https://s4.anilist.co/file/anilistcdn/media/manga/cover/medium/9720-H8fjLWshz5gD.jpg,,
Monochrome Kids,"Fukushima, Haruka","Fukushima, Haruka",Egmont,abgeschlossen,1,1,de,Shojo,https://s4.anilist.co/file/anilistcdn/media/manga/cover/large/nx41782-R1D7UTf80P0p.jpg,,
Monstar Attack,DuO,DuO,Egmont,abgeschlossen,2,2,de,Shojo,"https://images-na.ssl-images-amazon.com/images/I/61TMP92R4EL._SX317_BO1,204,203,200_.jpg",,
Monster Hunter Orage,"Mashima, Hiro","Mashima, Hiro",Carlsen,abgeschlossen,4,4,de,Fantasy,https://s4.anilist.co/file/anilistcdn/media/manga/cover/medium/6097.jpg,,
Monster Musume,"Inui, Takemaru","Inui, Takemaru",Kazé,laufend,,1,de,Comedy,https://s4.anilist.co/file/anilistcdn/media/manga/cover/medium/36213-jKcSZ2hU9ZOb.jpg,,
Monster Soul,"Mashima, Hiro","Mashima, Hiro",Carlsen,abgeschlossen,2,2,de,Fantasy,https://s4.anilist.co/file/anilistcdn/media/manga/cover/medium/4358.jpg,,
Monthly Girls' Nozaki-Kun,"Tsubaki, Izumi","Tsubaki, Izumi",Yen Press,laufend,,1,eng,Comedy,https://s4.anilist.co/file/anilistcdn/media/manga/cover/large/nx59211-ltc4FW9inrms.jpg,,
Motokare Retry,"Hanaya, En","Hanaya, En",Carlsen,abgeschlossen,7,5,de,Shojo,https://s4.anilist.co/file/anilistcdn/media/manga/cover/medium/94707-rypaUVP5kSFD.jpg,,
Mushroom Girls in Love,"Murayama, Kei","Murayama, Kei",Seven Seas,abgeschlossen,1,1,eng,Yuri,https://s4.anilist.co/file/anilistcdn/media/manga/cover/medium/90036-DN0l8tAPCZbm.jpg,,
My beloved Saki,"Akuta, Fumie","Akuta, Fumie",Tokyopop,abgeschlossen,1,1,de,Yuri,https://s4.anilist.co/file/anilistcdn/media/manga/cover/large/bx108365-crfQbjYBTUj3.png,,
My Hero Academia,"Horikoshi, Kouhei","Horikoshi, Kouhei",Carlsen,laufend,,8,de,Action,https://s4.anilist.co/file/anilistcdn/media/manga/cover/medium/55486-ut4ycwzuWEMF.png,,
My Hero Academia Smash!!,"Neda, Hirofumi","Neda, Hirofumi",Carlsen,abgeschlossen,5,1,de,Comedy,https://s4.anilist.co/file/anilistcdn/media/manga/cover/large/bx86652-H37PDPi69z5F.jpg,,
My lesbian Experience with Loneliness,"Nagata, Kabi","Nagata, Kabi",Seven Seas,abgeschlossen,3,3,eng,Yuri,https://s4.anilist.co/file/anilistcdn/media/manga/cover/large/nx87459-Ft79QwBkqJUb.jpg,,
My little Monster,Robico,Robico,Egmont,abgeschlossen,13,7,de,Shojo,https://s4.anilist.co/file/anilistcdn/media/manga/cover/large/nx43702-poPxKDtUeBWj.jpg,,
My magic Fridays,"Tanemura, Arina","Tanemura, Arina",Tokyopop,abgeschlossen,11,11,de,Shojo,https://s4.anilist.co/file/anilistcdn/media/manga/cover/medium/46152-QsLllB28CoIN.jpg,,
My Santa Forever,"Akamatsu, Ken","Akamatsu, Ken",Tokyopop,abgeschlossen,1,1,de,Comedy,https://s4.anilist.co/file/anilistcdn/media/manga/cover/medium/1607.jpg,,
My World is you,"Sakisaka, Io","Sakisaka, Io",Tokyopop,abgeschlossen,1,1,de,Shojo,"https://images-na.ssl-images-amazon.com/images/I/51TLRH71lzL._SX333_BO1,204,203,200_.jpg",,
Nameless Asterism,"Kobayashi, Kina","Kobayashi, Kina",Seven Seas,abgeschlossen,5,3,eng,Yuri,https://s4.anilist.co/file/anilistcdn/media/manga/cover/medium/97127-6uPmRymVZNwa.jpg,,
Nana to Kaoru,"Amazume, Ryuta","Amazume, Ryuta",Panini,abgeschlossen,18,18,de,Comedy,https://s4.anilist.co/file/anilistcdn/media/manga/cover/medium/5994.jpg,,
Nana to Kaouro Black Label,"Amazume, Ryuta","Amazume, Ryuta",Panini,abgeschlossen,5,5,de,Comedy,https://s4.anilist.co/file/anilistcdn/media/manga/cover/medium/21151.jpg,,
Naruto,"Kishimoto, Masashi","Kishimoto, Masashi",Carlsen,abgeschlossen,72,72,de,Action,https://s4.anilist.co/file/anilistcdn/media/manga/cover/large/nx30011-9yUF1dXWgDOx.jpg,,
"Naruto Rin,Hyo,To","Kishimoto, Masashi","Kishimoto, Masashi",Carlsen,abgeschlossen,3,3,de,Action,"https://images-na.ssl-images-amazon.com/images/I/51trOp8eHfL._SX326_BO1,204,203,200_.jpg",,
Neon Genesis Evangelion,"Sadamoto, Yoshiyuki","Sadamoto, Yoshiyuki",Carlsen,abgeschlossen,14,1,de,,https://s4.anilist.co/file/anilistcdn/media/manga/cover/medium/698-gyYMTNVJ6h5O.jpg,,
"Neunzehn, Einundzwanzig",Yohan & Zhena,Yohan & Zhena,Tokyopop,abgeschlossen,2,2,de,Shojo,"https://images-na.ssl-images-amazon.com/images/I/51pciPFyvyL._SX333_BO1,204,203,200_.jpg",,
Nine Puzzle,"Sakai, Mayu","Sakai, Mayu",Tokyopop,abgeschlossen,2,2,de,Shojo,https://s4.anilist.co/file/anilistcdn/media/manga/cover/medium/1027.jpg,,
Nisekoi,"Komi, Naoshi","Komi, Naoshi",Kazé,abgeschlossen,25,13,de,Comedy,https://s4.anilist.co/file/anilistcdn/media/manga/cover/medium/31499.jpg,,
Noah!,"Shibano, Yuka","Shibano, Yuka",Tokyopop,abgeschlossen,3,3,de,Shojo,https://s4.anilist.co/file/anilistcdn/media/manga/cover/medium/35481.jpg,,
Now Loading…!,,,,,,1,,,https://s4.anilist.co/file/anilistcdn/media/manga/cover/large/nx98533-ei3nBQmYGLaT.jpg,,
NTR,"Kodama, Naoko","Kodama, Naoko",Tokyopop,abgeschlossen,6,1,de,Yuri,"data:image/jpeg;base64,/9j/4AAQSkZJRgABAQAAAQABAAD/2wBDABQODxIPDRQSEBIXFRQYHjIhHhwcHj0sLiQySUBMS0dARkVQWnNiUFVtVkVGZIhlbXd7gYKBTmCNl4x9lnN+gXz/2wBDARUXFx4aHjshITt8U0ZTfHx8fHx8fHx8fHx8fHx8fHx8fHx8fHx8fHx8fHx8fHx8fHx8fHx8fHx8fHx8fHx8fHz/wAARCAEKALMDASIAAhEBAxEB/8QAHwAAAQUBAQEBAQEAAAAAAAAAAAECAwQFBgcICQoL/8QAtRAAAgEDAwIEAwUFBAQAAAF9AQIDAAQRBRIhMUEGE1FhByJxFDKBkaEII0KxwRVS0fAkM2JyggkKFhcYGRolJicoKSo0NTY3ODk6Q0RFRkdISUpTVFVWV1hZWmNkZWZnaGlqc3R1dnd4eXqDhIWGh4iJipKTlJWWl5iZmqKjpKWmp6ipqrKztLW2t7i5usLDxMXGx8jJytLT1NXW19jZ2uHi4+Tl5ufo6erx8vP09fb3+Pn6/8QAHwEAAwEBAQEBAQEBAQAAAAAAAAECAwQFBgcICQoL/8QAtREAAgECBAQDBAcFBAQAAQJ3AAECAxEEBSExBhJBUQdhcRMiMoEIFEKRobHBCSMzUvAVYnLRChYkNOEl8RcYGRomJygpKjU2Nzg5OkNERUZHSElKU1RVVldYWVpjZGVmZ2hpanN0dXZ3eHl6goOEhYaHiImKkpOUlZaXmJmaoqOkpaanqKmqsrO0tba3uLm6wsPExcbHyMnK0tPU1dbX2Nna4uPk5ebn6Onq8vP09fb3+Pn6/9oADAMBAAIRAxEAPwDo3dI4WdkC7UB5HUAdazvPk2+a5xJKPkQdEX1x7/56VoSEeRsuYTJAR95BnA9wOfxFY99sDH7Nc+c9y4RDtwY+36AE1l1N4JFqB9sLTSu2wZ5J7D/6/FVftE7MLgMQvUJk4Ofb/P5mnagA08GnxDEarvkH+yOFH4mnYaWURRkgkZLD+Fe5HuTwPz7UGiS3FtxPM5aSVzzhsHA/3Rjv6nt0HPSSe7WFSQS5Bxxzk9gPU+wqKedI49kZCQKMcfxD0Ht71Wt385ftfARSUtgvTPRn/DoPxoWoWLVtNJ9rLXcyrtU7wW+SMenH3m9+cdvWrEl3G8ayRBtjDKZGCw9celZoSOSRhL/qIcNLj+In7qD69/b61ZAknm+b778n0UU2HKrkkcjsSzMdo6nPApsk0kh2o7KPQHk0xpDPKIYELIpwmP4j3JqIzGUvFaSbY1O2W5Xqx7rH6f735Ug0XQmjZluxG1w29ese4t+fYfjSahftZL8pzyN2RnaTnBH/AHyeOlSQxJawjagTj5VHb39z/nvWVrE4M18pGRbxRZ/3t3/2dNbkysJ/aE074F04Y/wn5M/THFI95LH9+6lB9NxzWacBfnwp7gnofSnK7pjYxGOxGR+R4NaEl6PUJnPD3JA6kOf8anjvJh+8S5dgp53MSB9QagiKmOOaFAiSEqyL0RxyQPYjkfiO1Jc7ISjlT82QWXqP8R7Uhm7aarvO2WFGx1+UZ/CtiFredd0aocdRt5FcUJJbZFuLJ/MKDODzn/Pp3/KtBPEFuWtZIw0Ur8SHGUTPr6jv9PegiUV0Op8qP/nmv/fIo8qP/nmn/fIptvMJ492NrA7WX+6fSpaZkYHip2trCF4GMLGYAmM7SRg8cVzhvLwZBuLkEDOC7A12Gq4+1aZlN/8ApXTGf4G5/DrSyWMdwsYkvZHkXcA/ybiDjjhcdh2ppmsZJLYp6MzSaZC8rGRzuyzHJPzHvRTdGHl6dGiggKzqA3UYc9feikzOW7LEsssLxrHdDL8+VsBIH17Vh2Ny19qNm8pLyFS7Me54/lV+6fyL21cdZd4HuwI4/KsvjSdahlb/AI9JJCUfsFbqv1B/Ss0dC0RbjlElzezkkAyFc+ioMf0Y/U0+e5FrAEYEzzncyLyeeiD8Mf5zir5iWNrK8oyftDLt/vkMTj88fhVrw0PtV3c3kxDyIByR0Jz0/L9aCm7Ihl0q+khNxPHljgJFnhcnAJHfHv09KmuTHbx4jBMMCbUA6kD+pP6mtS5fG5xkNgg+/wDniqEEYlkjZuI0YOc+3I/UA/hSTBPqyFYjG6W7kEwjzZyP4pWH9BwPqKmlJjtuOJZ+Povf/PvUdgDcRiVutwxmb6HoPywPwp08o82acoZFi+REH8bZwF/Fv0FAbIglJ4sYG2M6hrmQdY4z0Uehb9BVyyhRhuChLaDACjuewH+eaoRoVDR+ZvlZi1xMORvPUD1PoOgFWlllgPlwA+aR90DcV98d2602Fna/Umurgo0szJuEALMo/icDIT8OpPrj0rnYd32e+uJjuZ1DMfVvMU/0reuYEi0V28wNJKRHnn5BnJHPfjnNZeqIttoqxjrLMq/UAEmmielzLdMxBnGcqSP604HfGj92Xn6jg/4/jWhdWoFhGQPmRVLfRgM/qazoifJbPUSE/mP/AK1WSWbbLWt9COojE6c9GQ8/+OlqrfbDcIqyMcr0z/j3q1p2Pt8Sn7sgZD/wJSP61nWYzlWX5h27igRchkeBvMj5H8S1FfbIT5kShoZwWQf3W/iH9fxpwOPu8Y9KhmIW3eMHKlg4X+63Q49iDz7gUAzp9L1QxTWbOSVmRIpc/wB7JCn88fnXU15g8jyRspbZCigKemSOM/nmvRdMuvtunW1zxmSMMceuOf1oIkV9Vz9q0za+w/aevqNjZH49KrzWs6RRyWOkWUc4Y8OF+XHQgip9WKC400yBSouc/McAHY2D+dI8k1s6mS8uZlHzYjtNwYemVFMRV0nP2BfOYtLvfefVt5z+tFGk4axUqnlKXkIQ9UG9uPwopMUt2S6lZ29zbr5oHmEAoOeWA4PHP4iqKRLM5tLrbNIR+8jQZSP/AHiep9uv86j1DUizzRW7mNIeJ7gdVx/Anv79qdoiiO0MhTbJKnmlf7qkkIPxAY/jWRutEKF0+O+MBtVlVUztkO7aDwSM9+BzUmiW/wBg1C/slbIZFlhLfxJz/jj8Kw0mLatLdZOxTg+6ZCk/1rfa1N21nOsrRSWrkFl6spHT8x+pplNaD7tm2lCCGZsYPUA//rAqjdy7Uuo1OBHbYP8AvyHav5AfrV1yZbgE8ks3P+fw/KsmYlvtbf8APW5RR9EYj/2Wkh26GgjCBLeNc75AXOOMRoM/qSB+NQzQSzNFCjCOKEb5XHdyOPxC9/8Aaq1LbGOdrtmzvQQRoP4UBHP4nNaEdpFGfnXzHJLMXORk9cCmS31MY7LWOMICkZziUIXCjuQByfr9av6fJp7x4sp0mfqzhsv9SOo/KrM0QkvElAOSoXIHTGeD7c/pVDVdPtNLso7+JQt1anKv3lJ6hvXr+FFrkuV9CtrFwLrWIrKMjZCN07DueOv6D8TWVr7tJeRwD7ltGWb/AHiRn+lT2Ze0t5p2XfdP87bv7/8ACD9M7j+AqBLVv7OupX3O/wC7BY9eSxJ/PFUintYvXbBoZveKFh+Y/wAKzdOUNc8jIEiZH4NTpbg/Y85zm1j47/K3NSaOn+k3BJ5EikD8xT6C6kckBsdTWPqqSBkPqvUVVjummwoVpcdAyBsfn0q/qzZ1UKP4Qo/Sqq2EsaknFuoHzEEZA9/T8cU0ISQlV3T+VCPVuv5cmnRooeF/J3CRgpaRQRg84x2OMn8qiito5HUx5KFsea/8RzjC+vPfoPfir2oyDzbJEG1SXfH0XigPMghdL6zaHUN8phBliZSAwUffUe2Ocf7JrrPDDwNo6LasWhjZlUt165/rXGwyfZ3glA+5hiPUZOR+I4rsfC1v9m0dUByPNkwfUbiP6UESHa75e6w86IzR/aOYwu7d8jdu/rULWl6MSyajMlsPuRW1rtb6YwSPxq1qyq1zpoYsB9p/hOD9xv0pg1GQH99Npyxg/OVuTkDv260yehW0r/jxXj/lpJ97r99uvvRRpO1rBTEWaMvIUZupG9sE/hRSYpbswdXBlvFsYuDLMcge7YH65NaXnLDBqs6cJHIIkHoI0Ax+dUbZWfxU8rrlVkcj8AQKt6vbLZaQ9qpJeWXMjnqzHBJ/z6VDOi92ZtlDtcK3QgxMP96MEf8AoJ/Oug0uQmIBjk4GfqOv8jWbCAmoTIRw8Mbge44/wq5p/wAruvoSP8/nSZbWhZIMfkPjpvH45GP5VilSq2wHU3AH4lj/AI10lzFujUL1Vw34Z5/QmsuKH/T41cf8td/45zSQk+pq3MO6S2UD5UkH5Dn+lWGXcfejvS4oMrjVXBqDULdbqGJZASqSh+O55A/U1aqFGaZicbYh09W/wFIV+pmyaWYo22MrA8ndxiq9s1rdafewxSo7phmVW5AGOfce9b/TkVgeItPSS5jnto2hmVcmeD72Txhh3+v1FXFOTsNztuYmsRmCZQOm4r+DYYVY0k/vWbpuDMT9Nv8A9ek1IT3Vnvlh2yxfuyyj5XKdCPcjjFVmdrZAinbiEeZ+PzY/UVfkx+YySUz3ck3dnJGe2On8qbIQxEl5M1045AfiNfovf9KbGrtHsjUtIyYCr1JPFH9ny28zJeIySgcofT696BBFO9xeQEk4MqAduB2x2HTipLudZrm3KHPl25DD0OCKqWZ/f2rf9Nv8KVztkZuwQZ/P/wCtQCZJJ9xgOqp/U12nhefzdIjH93IrjI8uZM8c4P4Dn+tdN4KcnTSCOkhH5gH+lBMti/r85tfsE6xtKy3IxGvViVYAD86y7jWNXt23PDa4bkbVJwCcDnPPJAyMjJrW1yXyDZSbd2J8bQcE5RhwfXmub2w2aiWO5luVYbIldcDaxznk+nPQZJFUhxWhu6WhWzAk++JJN2Omd7Zop9iRJA7r91ppSPp5jUVD3M5bsw4jjV7s9wJiP1p8lydSs7YSNuniYJL7nBw34gj8c1BnGrXH+00q/mGqG2mNvdRNgFZQEf8AA5FNq5tHoWnl2XunSn7s0fln8QMfrWjbDbcS/TP+fyrNurfzIreInaVmaMN/dPzbT+q1cgnM1pNMflfydrD+6+Sp/Ws2am9IVWNndgqICWJ7Ada5F9eke9kmiUCIf6kEcgjoT657/wD1q6WR2miiVuDw8mOmR0H58/hWPrWgFlN9p0edw3SQL+pX/D8qEjJOxtabqEGpweZD8rj78RPKn+o96uVwekztHcHy3KsRuVh1BH+f0rob7XZLXTo38oNPMpCOPugjqSP5UnuNxfQ1tqn93vY5YgnP44qQADoAB7VWilSW0ilhHybRNGB1x/EP1/Wp5S2wGM56Y96GjMcfaoj97JHPtU1NJoRSKt5IkFg+FCg/KoA7n/JNcNcOXVs/embJ/H/62a6nXZi9zaWafedtxA9hn/D865e42eayowcRkgsOjN3x7DgVcR9DR8PozanvUkbFPIGccVoeJlVZ7Mbt0hQgk9SMjH9ar6NK2n6dPfLBJOw4Cr356k+n0zWO+oXF7ftNdn96TwMYCj0A9OKN3cCtYkfaIFPeRSD6EHj+tSgDbNI/3VUceuCP6nFQxDZc8fwMT+VW5dsdlJnlQUB/2urfzGKoSI0UpZSzMw4UrjPJdh/gT+Irq/CqhLRSP4wh49ox/jXJYyqIeuNzn/Pv/Ku18OqBpNnIBj92uffov9KCJEXi/H2C3zyPPGQDjPymuYkYPI8m0LuOdo6AeldP4v8A+QfB/wBdx/6C1cuelWtjan8J1Oh/8gmD/gX/AKEaKND/AOQTB/wL/wBCNFZvc55fEznLmQpqc7Dqs7H/AMeqKbiEMP4GyP8AP50Xp/4mN1/12f8A9CNL9+Fx6qa0NEaeoPiyMw7FJVPvwT/KrKKguWjU7TdOGwemVBJ/PC1Ba4udJZcc+WyH2NLZnztD+0pzPGFlX2Mfb8QG/OsTZvqbEBDM4PBJyvuMZ/mavQkJFliFC9ycCs+HD5KHAyCjeh5I/Sodc0u51mCH7POsax5zC2QC3rn/AOtQnoZSSuTahocN1MLy02pOMk4+7Jx/P3rE1RGSxtIpFKv9oYYPbrWZG1zY3qw+Y8TpIFdVb39qv608ksFgHLOxZ2LE543ACh7lpNK1zQ8LXBNqsTE5gl24P91v/r5q+2s2drNJb3TGJoyQDtJBXJx0rK0Yg3Xmqf8Aj42sR/tbhn+Zqp4lh2X8rEcOrEfh/wDroSuTJam//wAJFpHQXefpG3+FSWmsWN/M0do7yFBuY7cYHrzXAWiK0rkgFUhkY/8AfBA/Uip9FeeK7E8CMY1UrK2DtAIIwT6+nviq5UQi7qt801/cXCsRj92uDz7j+Q/A0mlaXJqN0IEO2OMfvHx0Pf8AWqERa4uQEBb5iw9z2/X+deiaTp6adZJCo+c8u3qaew5MntraK1hSKFAqoMCoNQ0+01FNlzGCwHyuOGX6GrLOM4B5ptIhdzzy6s5bHU7iG4GCoyGxwwPf9DUMhMsUK4wCTKwz26Ln8j+ddH4qhlvLtYLdN8kVuXIHVhnp+QNc5ZXAF0skwDruDEEcYHH6DGPpTLRPbCA3UAu9wt2cLKQcHHb8M4/Cu8s0C2skAAUoSAAMAZ5GPYdPwridVhH2yVScrKobPv0/pXQ+FtRN5bhZD+/jHlSZ7kfdP4jP5UgkL4tO7TbY+swP/jprmD0rpvFfGmW49JwPyDVzJ6VotjSn8J1Oh/8AIJg/4F/6EaKND/5BMH/Av/QjRWb3OeXxM5S9P/Eyu/8Ars//AKEafbncCp+n51He/wDIRvP+uz/+hGnWvLn0rQ0Rp6I2Y5ogeQ/J+owf5CneGpQBLbP0V8YPoc/4H86h0o7NQcdnAOPoaZYHydTf/bZ1/EHI/lWT3ZqtkbejgtA0MhOYB5ZHupK5/ID861rU7ZGQgLn5lA/I/wBKzrAAXl7joxRh+IzV48kFThlOVNSiZrocGkrXepeaBuaWfcB77s1oGQ3eoyxxkFEAgjJ6HCkA/i4BrNmRtO1e5jQFCjt5eeq56H8j/KpbRvIeLbwxljP0APH+fYVTQJ3NnRTHFeWin7rA7c+p5/rU+r6VcarqQSHCQhCHkPQEkHHuaqJ+61CMAf6qd1A+hbH6AVV8U3DR6iYYJCkUcarsU4GSST/KiIT3ujorHw5p9gjAoZ3ddrF+hGQen1Aqt4qkS30lbeFFjVjwqjAHbp+OfwpfCkNzFpMc0kheOV2bY2SVXoMfkT+NVPFT+Ze28XVVUuR6gZJpmS3KfhOy8zUBIw+WP5vy6fqf0rtJpPLGB1NYvhKMCzlk/iLBT+H/AOutK4z5xz+FMHuPTnnvUgqKM1J149eKQGZajf4ku3P/ACziVf0B/wDZjXKeINP/ALP1SaNBiGT99FjtzyPw5/Suu0wbtR1OX1lCj8OP6Vn+MIN9nb3GMmGUxt/usP8A9VCH1OZS5Mwijk5ZVIDevp/Kr2k3J07xBHn5YrkAe3PIP9PxNZODHOF/uuPy/wD1Ve1CJn0axvU4aNmhJ9wSy/oW/SmDOn8W/wDHhCPS4H/oJrmD0roNeuBeaBYXI/5aujH6lDmufPSrWxrT+E6nQ/8AkEwf8C/9CNFGh/8AIJg/4F/6EaKze5zy+JnJ3/GoXf8A13f/ANCNOtRiN29eB/WmahzqV2B/z2cknt8xqaMYjUDpitC0W7Di8X6D+lRuNlzLKP8Allcbj9CRn9CamsF33H4L+pplwu4ah75x/wB8isnubx2OlsFDb8Y3hVJPqOQP5GrHqO47Vl6Zc/6fap/z2tz+YwR/WtS7O1N6jMijIHqO4NQZt+8Z2saTHq0HHyXcY/dyevsfb+VZEfhvUk8uRlQkMCyh+eDXVRMCOhDZ5GDxUqPg5ByOhp3E3bY5cqW1RUII33TcEYOPm/pWLrQa412WGLl3m2rz1JOB/n3rtr+CIzw3x+VoCS3uuD1rB8O6RdS3smrXkWCcvCjcZJ7n0AH86qISldI6LyYorQWgkYRxoqYQ4O3GOvUZwa5XU2H2652gBLeIIi+nQEfkDWxCt6t/P9pj2iVMAdicjHPsM1gXmWN42cl5gufrupjUbHReG38i3ht2GGlQyc+uf8MVqXYwVb8Kwbxzaatb7T8sYXgegGD/ACrorgboSfTmhEzVmn3KyGpl4GT61Ah5FTvwY19wT/n60iWVNIX/AI/T3N04/Wq/ilP+JDdEdgp/Jh/jV/T4/La7GMZuGYfiAf61R8TOr+Hrwqcgben+8KYX1OJuBk28g/iXafqrY/ltras4vtPg6+UAExyGQZ/2dpP6ZrHYbrO3J7TlfzCn+ldR4YtvP8NTKR/r/MH1yNv9KocjMSXzPB9onUxXRQ/+PH+tUj0p1g+7w66Z6XanH1Qj+lNPSqWxrT2Op0P/AJBMH/Av/QjRRof/ACCYP+Bf+hGis3uc8viZyeoEDUrkY4M7Z9/mNTkYqC9OdYuvRZm/PNWFBlkVYxvZugH9farNEaGmoQHkIwF5+vGB/M/mKo3Mypayux4mmKg+2cE/kK1bjFhYhM7pOpz3bsPxJrFnRZIRDnCKAoY/qahau5q3ZG1psD3GqRuAdtrAmSOzEZA963o8OT5mPO659vb2qtZW7afDKm5XkMm88Y3L0GPpVibAZZFPowP6H9DUNmb1YMpx8jbGHAPofQ+3pSW7YZl5AIyATnvg/r/SnlSzvgchQQPUgmoUctteMEqCxHGCwOD396QIsMiyrtf7uQSPX2qQuSetUZp9uoWUQIxIHP5Dj+dW2YKM9fQDuaNRNBIVKgSHjIx659q4zY7nCrlnu0AHrya7NF2kM2C579h7CsbTbdEkmmYZEM0hX3PT+RNNDWxUdTPrIjAJMko3Z/u9/wBK6ogOhX6isHSEM+rz3MnJQEj8eP5ZrdT7zD15qwqvWxFHAUO5yMCkT945P979B2/xqSYM+EXp3rD1jWPs7NaWRzL0kl/u+w9/5fXoWIV2X7u9topWga4jiLn5stgsemPb60zU4N2gXyMuD5TN+QyP5VxkjgMR95j94nnNaNhrMyWk1lKDNG8bKoLcrx2Pp7VVh27GSp/4lz/7Fxx9dh/qBTrS8ltWUwyNGQByjYz9fX8ag+aKy8qTIkeUkqewAHNRr1oQ2XLF9lhLBt6yq+fTAI6f8CqQ9KpjK/MpINWIpfMyhGHAyPcVSLg+h1uh/wDIJg/4F/6EaKND/wCQTB/wL/0I0Vm9zCXxM5C9IXU7skZHnvkZxn5j3rQstXsbGEi3sZRMRyzOGyfr6fhWbqB/4md5/wBd3/8AQjUANU1c0TsX57+W7k3ygDByoHOD61XkkJ6mohk9OtKqPJkIjPxk7RmmF2dxoc5vNIt/NbLjKK/cEdP0/OrMSZcxyZxtKbfT6e1Z3huCaDRWM6lA0nmID1xx/hWu8ZM6SAjAGG9/T+ZrB7jG25kE0qy4LKB8397rzUbkhSijlMrz6k4H6c1ZwC4PcAis/UblrawknTAlkl+TPPTgH8hQgM8T/aPFUSJykClPqcHcfz4/Ct5Bl2c9Adq/Xuf6fnWLoln5Fs16wJkfhSeu0feP4/0raBxHGM/w5/E1UtxdB9UGt2hkmSM5EzmRR6E9f1q/3qlfS+VE2PvuOvoOaUdxxvfQdpcCQtcvGd25lBPuB/8AXq6rAy4zyB09axrfUI9NtGedHYSP8gUdTiqreI23horXBBzl3z+gFWkKad2W9d1KS0jEEL4uJs8j+Bemfqeg/GuYYiKJm7AU+4uGnuHuJ2zJKc4H8h7Co2IkkVeqr85+vb+pq0rAiGOBiuT948mmfMj4OVIq5nNNlTenTJXkUwsB2Tx4kUN/T6VWeyZT+6bcPQ8GhJCh4qzHIr9OD6UBuUCWjOHBB9GFNLY+ZTgjkVqHkYIyPQ1EYoU+fy1z24oCx1Og86RbkjBO44/4EaKNDydJgJ6nd/6EaKh7mct2cZqH/IUvB1PnvwP9406K0dvmlOxfTuf8Kv3CJHf3TKoDGVyT36mnPa3eyJlgY+edsWSBuNUaJFrQ9Jiv5JFYFIUHzFepz2z+ddRHZWtlEsVvAkaZyQB1x0z61k6LcHTrWS2vIvIuEPmOCQQQehyPp+lXYdUhv0b7Owd4+So6kd6hi6lmdt0b+u01IOBVZ5FKr8w+bGPeq8mrqsrD7PIYEcRtNj5Qx4x+orO1ynoaBIVWY8BQSa5J5Jdf1WK3g3C3iAAP91R1Y+5/wrqbpWeynWPG54mCk+pFYMwOhaasFkpEk5/eXLDk/T8+PT3NVAR0MSx7dsYHkovlqB6dD/h+FQxK0caRudzRjaT6gdD+WKx9A1JLaJbScnyix2P/AHSex9vet+aMsA6DLAdB/EKbQW5XqNGWYAd6qamitMu87YkXLn27CrdrkkyEcdFH86ytcnJufK6KoDH3P/1v60IqCbnZFO9kN1YXDH5REyMif3Rkj8+eTWM5wgxwWIUH0zWm/wAlhdM5wGQAf99rWL++vbiO2tk3SscoucZI56mriOdk9BHb983+zwB6CpIwzDKjAPU+v+NWH0bVYhJPcWQCKC7fvFwB1J60xH8xA46HpVEIQJjqaeOKQjNRlmU0DK8q+XKR26j6U5Bk1JdDdErjsf0psQ6Cgksds5NRnnk/h7VI6MYTIB+6VgjH1JBOPyFRnpTNYLqdTof/ACCYP+Bf+hGijQ/+QTB/wL/0I0Vk9znl8TMnW7Jba4WRHJFxlyD1U55/DmrB1Vb2+0uERskglXd/d49Kzb2R5L+43uTtkZRk5wATgUmn4/tuw/66/wBKfLormnQ1fGAMM9tcKCUmBgcjtg5X+bVLqrTf8JPbQWrCOWaAAORwgBbJx34zVWaAap4hv7Wdy32WJnto+24gZP5kVavSf+E40318hv5PTJIp4jaw3t1a6h9oa3OLiLZj6gHt39adZiG68LSyzXqxCWUSPJsyI2yvGM89B+dRX82n2trrUVvcSS3E7MZFMbYRueM4xVO3sPK0exnilcRXhCTwHlWIyQ3t92kM0LSe4u9PW+vr8WUCvsVQuckcZJ+vaoL6zvbjXYtMur9nSSMyRyBPu4zxjp260kU1l9il0vUllS283KXKA7Qc5wT2INIkcukeKYm1K+M0SwM6zSnkLzx+dC0EVI9NdrfUpxdOpsJHQAL/AKzb39qvaVfTX0UXmaqltcSnaIBFuyfXr3qtaXFzeJq8FhADFcSvLJNKdoRGBI465IzR4XSLzrjVJR+5s4iASOrY5x+H86Y+hpQSX02q3Omi9UCBQ8k+zk8DjGeDz1z2qjq8bW9omqQX322J2EZyoHqM/p0o8Ju8+o6jNKcvNEXb8TUEoJ8BW+OT5/8A7MaVgTaZNeaPK+qWmnvfOVuEZ94TG3AzjGeax5YZLG8uRBM4ltnKRyDg8cE1u6jqkZ8QWMmnr9rkhRodqnCl2GANx4rF1OOeK7vUugguGPmsI8lQWGcZpoLt7mtq2q/atG05bS8YuWWK4Ct8xJXB3A/jUo8Lok/2VdVAm2b0jMYzjpk89Kg1+1gSw0a5SJVnk8sO4GC3yjr61a1zURpPieK58oSlrXZt3bf4jznBoF6GbptiL60ubu+ujaW9s/ltsGSTxk/qKku9GMOo2Vot2ZILwEpLt+ZcDP4jpVK3h1S6triLThJLayyFpVVRtyfc9T0rS+wvp/ivTIprl7mVl3M7dB1GAOw4oGE/h1Y7a88nUxNNagu8W0ccZAPPUgVk2zhojM3yqq5PtXR2/wDx+eJ8f3B/6A1cjM+2yjiHpub+gpoEzoHH/FJWcpGGmuS5H/fQH6AVndq29UjEfhXSlUcfuzx6lCaxD0prY1p/CdTof/IJg/4F/wChGijQ/wDkEwf8C/8AQjRWb3OeXxM5u6BN/dYH/LZ/5mi2kS11K0uJm2xxPuc9cDHoKhvpGOo3YJOBM4A/4EajXmtCzThvo/8AhMVvYWzbzuE3EYyCuO/vV3WbyKz8W2N053QxwkOV5253D+tYnlqy7WHB7VNYWSzXUVtGvDt82PTqaVh2NC+vdLhsNSWzuJJ59QO8IUIxn0yBx1qS2zN4UspLco5smLzKTyAA2fx5rP1IfaNWkSBRwwhTA444/nmuo/sSxdot8CsYlCgkdcetJ6EmMZtObTpdO1WaS3zJ5wKqTlScg5wccnHNV72/s9V8V6eyYktlwhZ1+Vjye/1FTaV5es+INWMg3QPAYRjsuQBj8s1Wm8KanHGVU286jptYqx/MY/WhAbyWU1vd61cSFNlzGPLAPOFUjp+NYWm3mkHw2mn3dzLA0jFpvLQ5Jz64PYD8qz20m9jdvtbNa+WAS8zkjk4ABXOas/YLmJkjmWESFxGUDcrnOCeMYO09KLAWNJu9O0vVbjZNIbGWIIkzKSc9weM+vamarc6eugR6Xpcz3G195ZgeBknk4HrUJiQxO8U8MwRd7Km7O3IGeQO5FONnsnNus9ubjO3ygxBLdMZIxnPHWnYqxsw6ebmy0GWz8pIYGWSXnGTgZ+pzkfWsbxHxrWof7qf+giqQhRh1cKTnbkjn6VKiIq7eSD1zzQkCRq+IeNF0QnoDGT/3yKo+JLqHU9RjubNjJCkO1m2kYOSeh+tQ7GON8sjqv3VZiQv0HanjjpRYLF2wF2fBgFh5vnfaP+WOd2M89Oau6t/yOul/9c/6tWJC91alvsV1JboxyyKeM+vtUc95cQXMV49w012n+rMnOB/hzSsKxvX9/pWnSauoll+23K7WiZSRnaQMcdOfWuOUEL8/U9c1fw2oSyXt2f3sp52DA44/pU0cUcfKKM+p5NNIEishvp4Y4XnlFtH9xWbAX6CpygjUAEnsST1qWmNhhj8jTKWjOn0P/kEwf8C/9CNFGh5GlQA9fm/9CNFZvcyluzlL3jUrv/rs/wD6EaROTxVi7gX+0LpmJOZnOOnc0gCr90AVoaWADArV0MC3hvdQYf6pCqfXGT/7LWUxwCa2bpPsfhyCE8PMylvx+b+gFJ9gZV0O236jbbvmPMjk+3I/XFdHq919i0m6nBwwQqp9zwP51meGIf8Aj4nI9EU/qf6VX8bXLLb2tqvAkYux+nAH6/pUy1Yir4LnSOecyEKFiYk+wIJ/n+ldPa6zYXsnl21wJGxkgAjHOO9cHot0LLU4pScKCN3+70P6En8K9EW0iDhsMSpyNzsRn6E02SzE8RIZo5YwPvPGmT6kjFULaYNdwSyEZBtkfP8AeG9T/jWvrcDsowVAaVH3MwAG0jI59hn86xntvMvJ0gdT9snR4Vz8y/eLEr1GM0dDRNNWGaqpNnrLAsCl2pAU8NyOo7/jUrsxklhaPEB1IM1xnhWz93HX8enNO1SGWCDUS6jE1yGXac8e/pTHntmiljW9td0l6Lhf3wx5YI5z2Pt1piTVzMQPNNtC/vJZNoXPRiemfrUht8JI6XFvL5al2VGOcDqeQK3bjTYbhYZHR4WfnzUG0g5+Un3/AF5rnrq6uIriazvZ7l/LbDAzMyuOoOCeh4NFxDQxFPDA9eKiDxyfdYfQ8UpDIeRimMmHJrLnffNJJ1BPH07Vdlk2wNjqeBVa2j3zrkfKvzH+lAMuxIY4kQ9VXB+tP6DJ4FI7BRlu/QetVnkLHn8qAJHl6henrToh8m49+n0qCMeZIF7d/pVo4C9gAPyoBHTaL/yC4f8AgX/oRopugOJdIgcdDuxn/eNFZsye5z94f9Ouf+urfzNRZp95/wAf9z/11b+ZqHIBAzWhqT28X2m5hh7O4B+nU/pmtTxHcBpbePoArOR9cAfyNQaHFuuJZiOI12j6n/6w/Wq3iCT/AImGD/BEo/maX2gZ0uhII9Jib++S5P4//Wrn/F7mV7eT+EOyg/gP8DXQWmYtKtUHVYV/PFUNT003mlzRRjMqASRj1I7fiMio63A40NtYMRkA8/Tv+lekaFcm60qBmbc6Dy2OepXjP49fxrzYEOmfWuw8F3W6Oa3Y9QJB9fut/JfzqmS9jpZ4VuIWjfOD3HUH1FVLCxaCR57go0xG1SvQL/if8B2q/RSJu0rGN4oONKHvKtefBV3DI4zzXoHin/kGJ/12X+tcEv3hTKWx6XcAXlizWrK+9N0TA8EjkfrXM67aC8gW/hQ+ZCNkyY+YL7j1H8qw4L68sjmzuZIeckA5U/geK0IPEt20q/akgLHjzgpVvxwcEfhQNGf5YI46UKHQ/KxFWJlCuxVQoJztHQewqLIqhjGy3U5qeFBGhzwTyaEUEjinSGgCCRyzEn8PaoXbHenyGkt4/Nl5HyJyff0FAizbx+XECR8zcn2HpUd4xMewHlzj8O9WCe561VKme62L2G0fU0DOv0DjR7cYxjdx6fMaKfpKGDToYm6rkH8zRWZm9zl7w/6fdf8AXV/5mrVt5EuiakwtUSaCNR5pO5mJzkj06dBVO9P/ABMLr/rs/wDM1YsnX+xtXjLKHkWMIpPLHJ6etWX0NvQbYx6VE5HMpMh/kP0H61k60iHV74SYH7tduf8AdHT36V09tsijitxwI0CqfXAxWX4lsBKI71QfkGyTHp2P6kflUxeoGjp5+16dazL0aNQR6EDBH5irKQhGz3FYPh6/W3f7HKcRSH5Cezen4/5610dS1ZgcV4q0oWV0LyBMQTn5gOiv3/Pr+dReGLnyNUh9GYofow4/UCu0vLSO/spbWX7si4B9D2Nec25ktbxlHEkZ4/3lOf6VUXcW56lRUcEqzwRzJ92RQw+hGakoIMPxWcafAPWcf+gtXCL1rtvFzfuLVf8AbLfkP/r1xS1SLWwN1ppGRSnrUtr5G+Q3QJjEZOAcHOQMj1IyTj2oGaNuwa1ido9/ygMT3zlefxU/nVKQeXIQDlexzmtOC0t/KMYnRhtCAxuCCxVDx7khj+fFRSWsEsYCvhxlygcbvu7tuemc/LwOo59KVx3TRVjfHFOY0sSW6i5VnV3jkVYMtgScNkEjtkLz645AOanjt7cOm+UuNw3LvUbl4y/svJ468U7iuUJATwOpNWYkEUQUdepPqamW3gXyi8+WchTgg4zj5vpyfy601kj+ztKJOcKVUsCcnb8p9/mP/fJ4ouFyNmHJPQdabZRCXHmceYS3XH4UybLIEX70h2/41ft4QysyHDRqDGx44H8v/wBVBSOg0l3k06Fpjl+QTjG7BIB/Ec0UaW4l0+J16Nu6euTmioMXucpesBqN3/12f/0I1a0O3S61WEuoYQgyc+3T9SK6f7DaP87WsDM3JJjBJPrQLaC3+aCGOJjwSihSR+FU3oXcSQZJNPhueTHOA8bDBJ7D39qTrSNGjqVZVZWGCCOCKkdzlUAluViibJd9qH1yeK7eSQKcZyaoixtE+ZbWFWXkERgEH1pRx04py1ES3d79jtJ7pyAsSFsE9T2H4nArzi3k/fo7tlmbLH1zXoTRRzgRzossec7XGR+RpP7MsB0sbb/v0v8AhQtAuHhmfztJRCctAxjP8x+hFa9ZIjS2JFuixBuTsG3J/CnebJ/z0f8A76NBL3MzxiwD2gz/AASn/wBBrjwRjrXoJhiuubiNJivA8xQ2AevWk/syw/58rb/v0v8AhTuNPQ8+LDPWk3CvQv7MsP8Anxtv+/S/4Uf2ZYf8+Nt/35X/AAouO5xmmhI7O7uXKYRo9gPUsGzx+BI/GpbmJIHlCgHyXyAe4z0/LNdebCzwI/skHl9dvljGfpik+w2j8tawMT1JjBzQUmcGdschTspwPpU8ZXHau1/s2xPWzt/+/S/4Uf2fZjpaQf8Aftf8KdybnHFlHpzTdwznjNdn9gs/+fSD/v2P8KX7BZ/8+kH/AH7FFx3OJWT9+WHO0bV+p6/4VaUFFVZH6gOgHJOfQfpXWCxtE+5awLnriMChbK1TG22hXb0xGBilcpMh0gAabDtBUHcQD15Ymip9oj+VAFUdgMCipMXuf//Z",,
NTR,"Kodama, Naoko","Kodama, Naoko",Seven Seas,abgeschlossen,6,6,eng,Yuri,https://s4.anilist.co/file/anilistcdn/media/manga/cover/large/nx86008-IqeSpmfT5DRU.jpg,,
Oh my Goddess,"Fujishima, Kosuke","Fujishima, Kosuke",Egmont,abgeschlossen,48,5,de,Comedy,https://s4.anilist.co/file/anilistcdn/media/manga/cover/medium/446.jpg,,
One Piece,"Oda, Eiichiro","Oda, Eiichiro",Carlsen,laufend,,7,de,Action,https://s4.anilist.co/file/anilistcdn/media/manga/cover/large/nx30013-sHV5ednRCXaC.jpg,,
One Piece Red,"Oda, Eiichiro","Oda, Eiichiro",Carlsen,abgeschlossen,1,1,de,Action,"https://images-na.ssl-images-amazon.com/images/I/61h7tmKWnHL._SX325_BO1,204,203,200_.jpg",,
One Punch Man,ONE,"Murata, Yuusuke",Kazé,laufend,,17,de,Action,https://s4.anilist.co/file/anilistcdn/media/manga/cover/large/nx74347-Zz3KJGqFWDjj.jpg,,
One Week Friends,"Hazuki, Maccha","Hazuki, Maccha",Carlsen,abgeschlossen,7,1,de,Shojo,https://s4.anilist.co/file/anilistcdn/media/manga/cover/large/nx73967-5YNYySbjWx5v.jpg,,
Orange,"Takano, Ichigo","Takano, Ichigo",Carlsen,abgeschlossen,6,5,de,Drama,https://s4.anilist.co/file/anilistcdn/media/manga/cover/large/nx65573-PwRU3hisff0g.jpg,,
Orange Lipstick,Rokuroichi,Rokuroichi,Egmont,abgeschlossen,1,1,de,Yuri,https://s4.anilist.co/file/anilistcdn/media/manga/cover/large/nx51339-nCYFR2afeoxh.jpg,,
Orange Planet,"Fukushima, Haruka","Fukushima, Haruka",Tokyopop,abgeschlossen,5,1,de,Shojo,https://s4.anilist.co/file/anilistcdn/media/manga/cover/medium/1757.jpg,,
Orphen,"Akita, Yoshinobu","Sawada, Hajime",,abgeschlossen,6,2,de,Adventure,https://s4.anilist.co/file/anilistcdn/media/manga/cover/medium/699.jpg,,
Ouran Highschool Host Club,"Hatori, Bisco","Hatori, Bisco",Carlsen,abgeschlossen,18,18,de,Shojo,https://s4.anilist.co/file/anilistcdn/media/manga/cover/medium/30-sh7U2vsSJ3gk.png,,
Overlord,"Maruyama, Kugane","Miyama, Fugin",Carlsen,laufend,,8,de,Isekai,https://s4.anilist.co/file/anilistcdn/media/manga/cover/medium/55934-nJHsisne1ysX.png,,
Perfect World,"Aruga, Rie","Aruga, Rie",Egmont,laufend,,7,de,Shojo,https://s4.anilist.co/file/anilistcdn/media/manga/cover/medium/93433-JNutcOFAdkBc.jpg,,
Peter Pan Syndrome,"Sakai, Mayu","Sakai, Mayu",Tokyopop,abgeschlossen,2,2,de,Shojo,https://s4.anilist.co/file/anilistcdn/media/manga/cover/medium/1068.jpg,,
Pichi Pichi Pitch,"Yokote, Michiko","Hanamori, Pink",Heyne,abgeschlossen,7,7,de,Shojo,https://s4.anilist.co/file/anilistcdn/media/manga/cover/medium/423-E1LqbbIf3IwW.jpg,,
Pita Ten,Koge-Donbo,Koge-Donbo,Egmont,abgeschlossen,8,8,de,Shojo,https://s4.anilist.co/file/anilistcdn/media/manga/cover/medium/33.jpg,,
Plant Hunter,"Hashimoto, Chicken","Hashimoto, Chicken",Tokyopop,laufend,,4,de,Adventure,https://s4.anilist.co/file/anilistcdn/media/manga/cover/large/nx100236-IDVoW93y9EzO.jpg,,
Platinum End,"Ohba, Tsugumi","Obata, Takeshi",Tokyopop,laufend,,8,de,Action,https://s4.anilist.co/file/anilistcdn/media/manga/cover/medium/86526-HXtT4DommdH0.jpg,,
Please save my earth,"Hiwatari, Saki","Hiwatari, Saki",Carlsen,abgeschlossen,21,1,de,Drama,https://s4.anilist.co/file/anilistcdn/media/manga/cover/medium/655-IOCrttZkUTWX.jpg,,
Princess Ai,"Kujiradou, Misaho","Kujiradou, Misaho",Tokyopop,abgeschlossen,3,3,de,Mystery,https://s4.anilist.co/file/anilistcdn/media/manga/cover/medium/90771-ETnRfHMWmWNu.jpg,,
Princess Ai Rumors,"Kujiradou, Misaho","Kujiradou, Misaho",Tokyopop,abgeschlossen,1,1,de,Mystery,"https://images-na.ssl-images-amazon.com/images/I/51GH48uhbOL._SX334_BO1,204,203,200_.jpg",,
Princess Princess,"Tsuda, Mikiyo","Tsuda, Mikiyo",Egmont,abgeschlossen,4,4,de,Comedy,https://s4.anilist.co/file/anilistcdn/media/manga/cover/medium/246.jpg,,
Professor Layton,"Sakura, Naoki","Sakura, Naoki",Tokyopop,abgeschlossen,4,1,de,Mystery,https://s4.anilist.co/file/anilistcdn/media/manga/cover/medium/13042.jpg,,
Prussian Blue,"Plaka, Christina","Plaka, Christina",Carlsen,abgeschlossen,1,1,de,Musik,"https://images-na.ssl-images-amazon.com/images/I/51PgfvnXuGL._SX326_BO1,204,203,200_.jpg",,
Psychic Detective Yakumo,"Kaminaga, Manabu","Oda, Suzuka",Tokyopop,abgeschlossen,14,14,de,Mystery,https://s4.anilist.co/file/anilistcdn/media/manga/cover/medium/17541-eQNhOA6ymyk4.jpg,,
Psycho Pass,"Urobuchi, Gen","Miyoshi, Hikaru",Kazé,abgeschlossen,6,1,de,Mystery,https://s4.anilist.co/file/anilistcdn/media/manga/cover/medium/44933-rFyVZVCKKYQC.jpg,,
Rainbow Days,"Mizuno, Minami","Mizuno, Minami",Egmont,abgeschlossen,16,2,de,Shojo,https://s4.anilist.co/file/anilistcdn/media/manga/cover/medium/39291-HXmuodHg0L96.png,,
Rainbow Revolution,"Yuzuhara, Mizuka","Yuzuhara, Mizuka",Tokyopop,abgeschlossen,8,8,de,Shojo,https://www.tokyopop.de/manga/media/image/02/c0/8c/4332_0.jpg,,
Re: Zero: Dai-1 Shou,"Nagatsuki, Tappei","Matsuse, Daichi",Tokyopop,abgeschlossen,2,2,de,Isekai,https://s4.anilist.co/file/anilistcdn/media/manga/cover/large/nx85736-ujogxQ4eWUQ4.jpg,,
REC,"Makino, Aoi","Makino, Aoi",Tokyopop,abgeschlossen,1,1,de,Shojo,https://s4.anilist.co/file/anilistcdn/media/manga/cover/medium/34091.jpg,,
Reflection of Ultramarine,"Sakai, Mayu","Sakai, Mayu",altraverse,,,2,de,Shojo,,,
Resident Evil - Marhawa Desire,Capcom,"Serizawa, Naoki",Kazé,abgeschlossen,5,5,de,Horror,https://s4.anilist.co/file/anilistcdn/media/manga/cover/medium/32315.jpg,,
Rockin Heaven,"Sakai, Mayu","Sakai, Mayu",Tokyopop,abgeschlossen,8,8,de,Shojo,https://s4.anilist.co/file/anilistcdn/media/manga/cover/medium/1039.jpg,,
Romantica Clock,"Maki, Youko","Maki, Youko",Tokyopop,abgeschlossen,10,2,de,Shojo,https://s4.anilist.co/file/anilistcdn/media/manga/cover/medium/43741.jpg,,
Romeo x Juliet Omnibus,Gonzo,COM,Yen Press,abgeschlossen,1,1,eng,Romance,https://s4.anilist.co/file/anilistcdn/media/manga/cover/medium/1661.jpg,,
Rosario to Vampire,"Ikeda, Akihisa","Ikeda, Akihisa",Tokyopop,abgeschlossen,10,5,de,Comedy,https://s4.anilist.co/file/anilistcdn/media/manga/cover/medium/894-t44yM86IGQYu.jpg,,
RWBY,"Miwa, Shirow","Miwa, Shirow",Viz Media,abgeschlossen,1,1,eng,Action,https://s4.anilist.co/file/anilistcdn/media/manga/cover/large/nx86560-x93mJ0oEZwcL.jpg,,
Sacred Blacksmith,"Miura, Isao","Yamada, Koutarou",Egmont,abgeschlossen,10,10,de,Adventure,https://s4.anilist.co/file/anilistcdn/media/manga/cover/medium/12240.jpg,,
Saekano,"Moriki, Takeshi","Maruto, Fumiaki",Yen Press,abgeschlossen,8,6,eng,Slice of Life,https://s4.anilist.co/file/anilistcdn/media/manga/cover/medium/51309.jpg,,
Sailor Moon,"Takeuchi, Naoko","Takeuchi, Naoko",Egmont,abgeschlossen,18,12,de,Shojo,https://s4.anilist.co/file/anilistcdn/media/manga/cover/medium/92-bg6FVKj8VCkc.png,,
Sailor Moon Neuauflauge,"Takeuchi, Naoko","Takeuchi, Naoko",Egmont,abgeschlossen,12,12,de,Shojo,"https://images-na.ssl-images-amazon.com/images/I/51zUuQz4iTL._SX318_BO1,204,203,200_.jpg",,
Sailor Moon Shortstories,"Takeuchi, Naoko","Takeuchi, Naoko",Egmont,abgeschlossen,2,2,de,Shojo,https://s4.anilist.co/file/anilistcdn/media/manga/cover/medium/8552.jpg,,
Sakura Hime Kaden,"Tanemura, Arina","Tanemura, Arina",Tokyopop,abgeschlossen,12,12,de,Shojo,https://s4.anilist.co/file/anilistcdn/media/manga/cover/medium/11107-l8IdbVFd1O6f.jpg,,
Sankarea,"Hattori, Mitsuru","Hattori, Mitsuru",Egmont,abgeschlossen,11,11,de,Comedy,https://s4.anilist.co/file/anilistcdn/media/manga/cover/medium/18597.jpg,,
SAO Fairy Dance,"Kawahara, Reki","Hazuki, Tsubasa",Tokyopop,abgeschlossen,3,3,de,Isekai,https://s4.anilist.co/file/anilistcdn/media/manga/cover/large/nx74733-tt46k1Jp3kC4.jpg,,
SAO Girls Ops,"Kawahara, Reki","Nekobyou, Neko",Yen Press,laufend,,4,eng,Isekai,https://s4.anilist.co/file/anilistcdn/media/manga/cover/medium/55160.jpg,,
SAO Phantom Bullet,"Kawahara, Reki","Yamada, Koutarou",Tokyopop,abgeschlossen,3,2,de,Isekai,https://s4.anilist.co/file/anilistcdn/media/manga/cover/medium/82277-MN87p27zL2sc.jpg,,
SAO Progressive,"Kawahara, Reki","Himura, Kiseki",Tokyopop,abgeschlossen,7,7,de,Isekai,https://s4.anilist.co/file/anilistcdn/media/manga/cover/large/nx85440-irjNfiIftdPm.jpg,,
SAO: alternative GGO,"Sigsawa, Keiichi","Tamori, Tadadi",Yen Press,laufend,,2,eng,Isekai,https://s4.anilist.co/file/anilistcdn/media/manga/cover/large/nx95900-tYBep5jvGJqo.jpg,,
"Say ""I love you""","Hazuki, Kanae","Hazuki, Kanae",Egmont,abgeschlossen,18,12,de,Shojo,https://s4.anilist.co/file/anilistcdn/media/manga/cover/medium/11767-8K7IWBcjncWR.png,,
School Court,"Enoki, Nobuaki","Obata, Takeshi",Tokyopop,abgeschlossen,3,3,de,Mystery,https://s4.anilist.co/file/anilistcdn/media/manga/cover/medium/55719-Vb2bSMKzzPku.jpg,,
Schwarzer Kater,,,,,,1,de,Shojo,,,
Scum's Wish,"Yokoyari, Mengo","Yokoyari, Mengo",Kazé,abgeschlossen,8,2,de,Shojo,https://s4.anilist.co/file/anilistcdn/media/manga/cover/medium/44929-bWKyYJoKVRKe.jpg,,
Secret of the Princess,"Morinaga, Milk","Morinaga, Milk",Seven Seas,abgeschlossen,1,1,eng,Yuri,https://s4.anilist.co/file/anilistcdn/media/manga/cover/medium/55895-ha7ACblisu9W.jpg,,
Sehnsuchtssplitter,"Shimaki, Ako","Shimaki, Ako",Carlsen,abgeschlossen,1,1,de,Drama,https://s4.anilist.co/file/anilistcdn/media/manga/cover/medium/11112.jpg,,
Seraph of the End,"Kagami, Takaya","Yamamoto, Yamato",Kazé,laufend,,1,de,Action,https://s4.anilist.co/file/anilistcdn/media/manga/cover/large/nx73661-PJX2JcBAUYCx.png,,
Sherlock Holmes,"Doyle, Arthur Canon","Komusubi, Haruka",Tokyopop,abgeschlossen,1,1,de,Klassiker,https://s4.anilist.co/file/anilistcdn/media/manga/cover/medium/51881.jpg,,
Shiki,"Ono, Fuyumi","Fujisaki, Ryu",Egmont,abgeschlossen,11,4,de,Horror,https://s4.anilist.co/file/anilistcdn/media/manga/cover/large/nx33486-Csp6kwFggFCt.jpg,,
Shinshi Doumei Cross,"Tanemura, Arina","Tanemura, Arina",Tokyopop,abgeschlossen,11,11,de,Shojo,https://s4.anilist.co/file/anilistcdn/media/manga/cover/medium/37-4uqGadeBTfqb.png,,
Short Cake Cake,"Morishita, Suu","Morishita, Suu",altraverse,abgeschlossen,7,4,de,Shojo,https://s4.anilist.co/file/anilistcdn/media/manga/cover/medium/56645-mI9oj45Waxg8.jpg,,
Shugo Chara,PEACH-PIT,PEACH-PIT,Egmont,abgeschlossen,12,12,de,Shojo,https://s4.anilist.co/file/anilistcdn/media/manga/cover/large/nx30101-N77ngeqRINUf.jpg,,
Silver Spoon,"Arakawa, Hiromu","Arakawa, Hiromu",Yen Press,laufend,,10,eng,Slice of Life,https://s4.anilist.co/file/anilistcdn/media/manga/cover/medium/25096-eQFQpTOXNZjv.jpg,,
Skip Beat,"Nakamura, Yoshiki","Nakamura, Yoshiki",Carlsen,laufend,,42,de,Shojo,https://s4.anilist.co/file/anilistcdn/media/manga/cover/medium/610-LrYS024Q4By4.png,,
Slayers,"Kanzaka, Hajime",,Carlsen,abgeschlossen,,8,de,Fantasy,https://s4.anilist.co/file/anilistcdn/media/manga/cover/medium/20869.jpg,,
Slayers Special,"Ohtsuka, Tommy","Ohtsuka, Tommy",Carlsen,abgeschlossen,4,1,de,Fantasy,https://s4.anilist.co/file/anilistcdn/media/manga/cover/medium/719.jpg,,
Somedays Dreamer,"Yamada, Norie","Yoshizuki, Kumichi",Panini,abgeschlossen,2,2,de,Isekai,https://s4.anilist.co/file/anilistcdn/media/manga/cover/medium/56399-DujJu7NcEcql.jpg,,
Sommer der Glühwürmchen,"Haruta, Nana","Haruta, Nana",Tokyopop,abgeschlossen,11,11,de,Shojo,https://s4.anilist.co/file/anilistcdn/media/manga/cover/medium/440-Y67fZSLh6g1E.jpg,,
Soul Eater Not!,"Ookubo, Atsushi","Ookubo, Atsushi",Carlsen,abgeschlossen,5,2,de,Shojo,https://www.tokyopop.de/manga/media/image/b7/cd/dd/4003_0.jpg,,
Soul Eater!,"Ookubo, Atsushi","Ookubo, Atsushi",Carlsen,abgeschlossen,25,25,de,Comedy,https://s4.anilist.co/file/anilistcdn/media/manga/cover/medium/23661-rkI8J0pduR7m.jpg,,
Sparkly Lion Boy,"Maki, Youko","Maki, Youko",Tokyopop,laufend,,7,de,Action,https://s4.anilist.co/file/anilistcdn/media/manga/cover/medium/908-URcv8ktTOI7S.png,,
Squib Feeling Blue,"Tanemura, Arina","Tanemura, Arina",Egmont,abgeschlossen,1,1,de,Shojo,https://www.tokyopop.de/manga/media/image/35/b7/90/sparkly-lion-boy-cover-01.jpg,,
Stardust Wink,"Haruta, Nana","Haruta, Nana",Tokyopop,abgeschlossen,11,11,de,Shojo,https://s4.anilist.co/file/anilistcdn/media/manga/cover/medium/1118-ZgA9kH8Kc80B.jpg,,
Strawberry Panic Omnibus,"Kimino, Sakurako","Takumi, Namuchi",Seven Seas,abgeschlossen,1,1,de,Shojo,https://s4.anilist.co/file/anilistcdn/media/manga/cover/medium/11577-IQeQoiOp3da0.png,,
Sugar Soldier,"Sakai, Mayu","Sakai, Mayu",Tokyopop,abgeschlossen,10,10,eng,Yuri,https://s4.anilist.co/file/anilistcdn/media/manga/cover/medium/3039.jpg,,
Suisai,"Yukimaru, Moe","Yukimaru, Moe",Tokyopop,abgeschlossen,4,4,de,Shojo,https://s4.anilist.co/file/anilistcdn/media/manga/cover/medium/27757.jpg,,
Summer Rain,"Wormsbecher, Natalie","Wormsbecher, Natalie",Tokyopop,abgeschlossen,1,1,de,Shojo,https://www.tokyopop.de/manga/media/image/8e/94/c1/suisai-cover-01.jpg,,
Sunadokei,"Ashihara, Hinako","Ashihara, Hinako",Panini,abgeschlossen,10,10,de,Shojo,"https://images-na.ssl-images-amazon.com/images/I/512jgh-5QBL._SX333_BO1,204,203,200_.jpg",,
Sweet Blue Flowers Omnibus,"Shimura, Takako","Shimura, Takako",Viz Media,abgeschlossen,4,4,de,Shojo,https://s4.anilist.co/file/anilistcdn/media/manga/cover/medium/1506-wPvuc79GC7m6.png,,
Sweet Santa,"Tsukuba, Sakura","Tsukuba, Sakura",Tokyopop,abgeschlossen,3,3,eng,Yuri,https://s4.anilist.co/file/anilistcdn/media/manga/cover/large/nx31363-tr0uco1bHOWY.jpg,,
Takagi-san,"Yamamoto, Soichiro","Yamamoto, Soichiro",altraverse,,,2,de,Shojo,https://s4.anilist.co/file/anilistcdn/media/manga/cover/medium/1830.jpg,,
Takane to Hana,"Shiwasu, Yuki","Shiwasu, Yuki",Carlsen,laufend,,6,de,Comedy,https://s4.anilist.co/file/anilistcdn/media/manga/cover/medium/55533.jpg,,
Tales of Symphonia,,,Tokyopop,abgeschlossen,6,6,de,Shojo,https://s4.anilist.co/file/anilistcdn/media/manga/cover/large/nx86734-YFvx2zXcihS9.jpg,,
Tales of Xillia,,,Tokyopop,abgeschlossen,5,5,de,Adventure,https://s4.anilist.co/file/anilistcdn/media/manga/cover/medium/1255.jpg,,
Tanya the Evil,"Zen, Carlo","Toujou, Chika",Egmont,laufend,,7,de,Adventure,https://s4.anilist.co/file/anilistcdn/media/manga/cover/medium/28027.jpg,,
Tenjo Tenge,,,Panini,,,1,de,Isekai,https://s4.anilist.co/file/anilistcdn/media/manga/cover/medium/97216-3xeL41JNfIYy.jpg,,
Tensei Shitara Slime Datta Ken,Fuse,"Kawakami, Taiki",altraverse,laufend,,4,de,Action,https://s4.anilist.co/file/anilistcdn/media/manga/cover/medium/73.jpg,,
Tensura Nikki: Die Schleim-Tagebücher,,,,,,1,,,,,
The Celebration of Suzumiya Haruhi,"Tanigawa, Nagaru","u.a. Itou, Noizi",Yen Press,abgeschlossen,1,1,eng,Comedy,https://images-eu.ssl-images-amazon.com/images/I/51nvol8ABEL.jpg,,
The Day of Revolution,,,Egmont,abgeschlossen,2,2,de,Drama,,,
The Final Loop,,,Tokyopop,abgeschlossen,1,1,de,Drama,,,
The Legend of Zelda Ocarina of Time,,,Tokyopop,abgeschlossen,2,2,de,Fantasy,https://s4.anilist.co/file/anilistcdn/media/manga/cover/medium/726.jpg,,
The Magician and the Glittering Garden,"Kosomi, Fujiko","Kosomi, Fujiko",Tokyopop,abgeschlossen,3,3,de,Fantasy,"https://images-na.ssl-images-amazon.com/images/I/51kIDshi5cL._SX333_BO1,204,203,200_.jpg",,
The Melancholy of Suzumiya Haruhi,"Tanigawa, Nagaru",,Yen Press,abgeschlossen,20,20,eng,Comedy,https://s4.anilist.co/file/anilistcdn/media/manga/cover/medium/1345.jpg,,
The Melancholy of Suzumiya Haruhi (Novel),"Tanigawa, Nagaru","Itou, Noizi",Yen Press,laufend,,11,eng,Comedy,"https://images-na.ssl-images-amazon.com/images/I/41eFf8eH52L._SX331_BO1,204,203,200_.jpg",,
The Melancholy of Suzumiya Haruhi-chan,,Puyo,Yen Press,laufend,,11,eng,Comedy,https://s4.anilist.co/file/anilistcdn/media/manga/cover/medium/10809.jpg,,
The One I Love,Clamp,Clamp,Egmont,abgeschlossen,1,1,de,Shojo,https://s4.anilist.co/file/anilistcdn/media/manga/cover/medium/548.jpg,,
The Promised Neverland,"Shirai, Kaiu","Demizu, Posuka",Carlsen,laufend,,9,de,Mystery,https://s4.anilist.co/file/anilistcdn/media/manga/cover/medium/87423-QYh8m99mug7o.jpg,,
The Rising of the Shield Hero 01,,,Tokyopop,,,1,de,Shojo,https://s4.anilist.co/file/anilistcdn/media/manga/cover/large/nx86243-VNz7YlbNI6ao.jpg,,
The World's best Boyfriend,,,Tokyopop,,,2,de,Shojo,,,
This lonely Planet,"Yamamori, Mika","Yamamori, Mika",Kazé,abgeschlossen,14,11,de,Isekai,https://s4.anilist.co/file/anilistcdn/media/manga/cover/medium/55442.jpg,,
Time Killers,"Katou, Kazue","Katou, Kazue",Kazé,abgeschlossen,1,1,de,Action,https://s4.anilist.co/file/anilistcdn/media/manga/cover/medium/36277.jpg,,
Time Stranger Kyoko,"Tanemura, Arina","Tanemura, Arina",Egmont,abgeschlossen,3,3,de,Shojo,https://s4.anilist.co/file/anilistcdn/media/manga/cover/medium/86-PgbrMUkL3fhd.jpg,,
Tokio Mew Mew,"Yoshida, Reiko","Ikumi, Mia",Carlsen,abgeschlossen,7,7,de,Shojo,https://s4.anilist.co/file/anilistcdn/media/manga/cover/medium/554-3MyHYk5v74Me.png,,
Tokyo Babylon,Clamp,Clamp,Egmont,abgeschlossen,5,5,de,Mystery,https://s4.anilist.co/file/anilistcdn/media/manga/cover/medium/30133-kuWlEvx2qqNY.jpg,,
Tokyo Home,"Gloris, Thierry","Gloris, Thierry",Tokyopop,abgeschlossen,1,1,de,Slice of Life,"https://images-na.ssl-images-amazon.com/images/I/517zyZPLb3L._SX343_BO1,204,203,200_.jpg",,
Tomo-chan is a girl,"Yanagida, Fumita","Yanagida, Fumita",Seven Seas,abgeschlossen,8,4,eng,Comedy,https://s4.anilist.co/file/anilistcdn/media/manga/cover/large/nx86300-VQWRaxoTXciF.jpg,,
Toradora!,"Takemiya, Yuyuko",Zekkyou,Egmont,laufend,,8,de,Comedy,https://s4.anilist.co/file/anilistcdn/media/manga/cover/medium/4368.jpg,,
Transparent Light Blue,"Iwami, Kiyoko","Iwami, Kiyoko",Seven Seas,abgeschlossen,1,1,eng,Yuri,https://s4.anilist.co/file/anilistcdn/media/manga/cover/large/nx105948-jIhJ1ASQTrYV.png,,
True Kiss,"Akuta, Fumie","Akuta, Fumie",Egmont,,,4,de,Adventure,https://s4.anilist.co/file/anilistcdn/media/manga/cover/medium/9-IayNt8GY5lSF.jpg,,
Tsubasa Reservoir Chronicle,Clamp,Clamp,Egmont,abgeschlossen,28,23,de,Adventure,https://s4.anilist.co/file/anilistcdn/media/manga/cover/medium/55503-H0ihzZLodbyS.jpg,,
Tsubasa World Chronicle,Clamp,Clamp,Egmont,abgeschlossen,3,3,de,Horror,https://s4.anilist.co/file/anilistcdn/media/manga/cover/medium/20756.jpg,,
Tsumitsuki,"Kiyohara, Hiro","Kiyohara, Hiro",Egmont,abgeschlossen,1,1,de,Romance,https://s4.anilist.co/file/anilistcdn/media/manga/cover/medium/56845-WvbQObhuKmzb.jpg,,
UQ Holder,"Akamatsu, Ken","Akamatsu, Ken",Egmont,laufend,,15,de,Adventure,https://s4.anilist.co/file/anilistcdn/media/manga/cover/medium/55151-ua2lFiPlQxyK.jpg,,
Vampire Knight,"Hino, Matsuri","Hino, Matsuri",Carlsen,abgeschlossen,19,1,de,Shojo,https://s4.anilist.co/file/anilistcdn/media/manga/cover/medium/618-SNozWU5g1VXw.png,,
Vampire Miyu,"Kakinouchi, Narumi","Kakinouchi, Narumi",Carlsen,abgeschlossen,10,8,de,Mystery,https://s4.anilist.co/file/anilistcdn/media/manga/cover/medium/1223.jpg,,
Vampire x Junior,"Takano, Saku","Takano, Saku",altraverse,,,1,de,Yuri,https://s4.anilist.co/file/anilistcdn/media/manga/cover/large/nx98806-HPtMP0sMlY72.jpg,,
We Never Learn,"Tsutsui, Taishi","Tsutsui, Taishi",Jump Comics,laufend,,1,jap,Comedy,https://s4.anilist.co/file/anilistcdn/media/manga/cover/large/nx98235-V6yBxNIrsOp0.jpg,,
We Never Learn,"Tsutsui, Taishi","Tsutsui, Taishi",Viz Media,laufend,,3,eng,Comedy,"https://images-na.ssl-images-amazon.com/images/I/51Un1irjVxL._SX331_BO1,204,203,200_.jpg",,
Welcome to the NHK,"Takimoto, Tatsuhiko","Ooiwa, Kenji",Carlsen,abgeschlossen,8,1,de,Comedy,https://s4.anilist.co/file/anilistcdn/media/manga/cover/medium/463.jpg,,
Welt ohne Freiheit,"Kodama, Naoko","Kodama, Naoko",Tokyopop,abgeschlossen,1,1,de,Yuri,https://www.tokyopop.de/manga/media/image/a1/cd/fe/4174_0.jpg,,
Whenever our Wyes Meet,u.a. Irua,u.a. Irua,Yen Press,abgeschlossen,2,1,eng,Yuri,https://s4.anilist.co/file/anilistcdn/media/manga/cover/large/nx105935-1EJR8CUEpRcM.jpg,,
Who is Sakamoto?,"Sano, Nami","Sano, Nami",Egmont,abgeschlossen,4,4,de,Comedy,https://s4.anilist.co/file/anilistcdn/media/manga/cover/medium/48649.jpg,,
Wie es Miss Beelzebub gefällt,Matoba,Matoba,altraverse,laufend,,2,de,Comedy,https://s4.anilist.co/file/anilistcdn/media/manga/cover/large/nx95435-TsLc1slI3QYp.jpg,,
Wish,Clamp,Clamp,Egmont,abgeschlossen,4,4,de,Shojo,https://s4.anilist.co/file/anilistcdn/media/manga/cover/medium/109-KbhA2HZ0Mfiz.png,,
X/1999,Clamp,Clamp,Egmont,abgeschlossen,18,1,de,Drama,https://s4.anilist.co/file/anilistcdn/media/manga/cover/medium/27-6yZ2tFMiHOf1.png,,
Xx me,"Toyama, Ema","Toyama, Ema",Egmont,abgeschlossen,19,19,de,Shojo,https://s4.anilist.co/file/anilistcdn/media/manga/cover/medium/13463-na8jLLy3sbEP.png,,
Yokai Watch,"Konishi, Noriyuki","Konishi, Noriyuki",Kazé,laufend,,4,de,Comedy,"https://images-na.ssl-images-amazon.com/images/I/51-rzSscutL._SX329_BO1,204,203,200_.jpg",,
Yona,"Kusanagi, Mizuho","Kusanagi, Mizuho",Tokyopop,laufend,,2,de,Shojo,"https://images-na.ssl-images-amazon.com/images/I/61WSFvFlCqL._SX333_BO1,204,203,200_.jpg",,
Yonen Buzz,,,Tokyopop,,,1,de,Musik,,,
Yotsuba to!,"Azuma, Kiyohiko","Azuma, Kiyohiko",Tokyopop,laufend,,10,de,Slice of Life,https://s4.anilist.co/file/anilistcdn/media/manga/cover/medium/n30104-n0NUGgqJWKPl.jpg,,
Yu Gi Oh!,"Takahashi, Kazuki","Takahashi, Kazuki",Carlsen,abgeschlossen,38,1,de,Mystery,https://s4.anilist.co/file/anilistcdn/media/manga/cover/medium/54-jwRYFssmE9lQ.jpg,,
Yuru Camp,Afro,Afro,Yen Press,laufend,,6,eng,Slice of Life,https://s4.anilist.co/file/anilistcdn/media/manga/cover/large/nx98351-mFHul4XFqgRK.png,,
Zaubernüsse für Natsumi,"Fukushima, Haruka","Fukushima, Haruka",Tokyopop,abgeschlossen,4,4,de,Shojo,https://s4.anilist.co/file/anilistcdn/media/manga/cover/medium/471.jpg,,
Zodiac P.I.,"Ando, Natsumi","Ando, Natsumi",Heyne,abgeschlossen,4,4,de,Shojo,"https://images-na.ssl-images-amazon.com/images/I/61xu1-qCXrL._SX318_BO1,204,203,200_.jpg",,
Zu jung für die Liebe,"Minami, Kanan","Minami, Kanan",Tokyopop,abgeschlossen,5,5,de,Shojo,https://s4.anilist.co/file/anilistcdn/media/manga/cover/medium/47074.jpg,,